timestamp,system_id,unit_id,unit_role,mode,defrost,error_code,set_temp,room_temp,inlet_temp,outdoor_temp,liquid_pipe_temp,gas_pipe_temp,discharge_temp,suction_temp,heatsink_temp,cond_temp,evap_temp,subcool,superheat,high_pressure,low_pressure,comp_freq,comp_current,power,lev_pulse,fan_speed,capacity_demand
2026-01-06 00:00:00,SYS-1,IU-1,IU,cool,False,0,24.0,24.045980625909046,23.949809644668054,,11.772046122224488,11.146216802456898,,,,,,,,,,,,,254.01229909959088,895.8890942396439,60.935306234027884
2026-01-06 00:15:00,SYS-1,IU-1,IU,cool,False,0,24.0,23.926447868049575,24.320958711370093,,12.297759581699625,9.353345442659085,,,,,,,,,,,,,257.23522075166557,941.1366385710925,55.41705738330646
2026-01-06 00:30:00,SYS-1,IU-1,IU,cool,False,0,24.0,24.101732397489883,24.043587607688803,,11.854682450717192,10.630272390555616,,,,,,,,,,,,,257.895227872275,944.4724637355106,57.176075785928546
2026-01-06 00:45:00,SYS-1,IU-1,IU,cool,False,0,24.0,24.176473791318976,24.13588219617178,,12.245358494656932,10.88463429759657,,,,,,,,,,,,,259.41457945164865,935.0443102119107,63.22043460376415
2026-01-06 01:00:00,SYS-1,IU-1,IU,cool,False,0,24.0,24.316154820860717,24.268499051821077,,12.44560114242508,9.528002527642863,,,,,,,,,,,,,274.9865865207122,935.480092033032,63.356707680708084
2026-01-06 01:15:00,SYS-1,IU-1,IU,cool,False,0,24.0,24.441856818980707,24.300201608398037,,13.295749383783383,9.77663686510124,,,,,,,,,,,,,272.41135438479597,918.288249832619,61.56133683160369
2026-01-06 01:30:00,SYS-1,IU-1,IU,cool,False,0,24.0,24.230016321147055,24.313587953045197,,12.95207243177526,11.046562311318938,,,,,,,,,,,,,277.4287079697769,956.1277940744638,64.53919441182838
2026-01-06 01:45:00,SYS-1,IU-1,IU,cool,False,0,24.0,24.220056656857064,24.22406183297619,,12.829727240365656,10.643821496593533,,,,,,,,,,,,,281.1638781991055,953.2906641443745,63.28485645025183
2026-01-06 02:00:00,SYS-1,IU-1,IU,cool,False,0,24.0,24.724241475485822,25.056515846823682,,13.268093985327297,11.191781426264416,,,,,,,,,,,,,271.8056056559655,963.4625429657332,70.83156669707172
2026-01-06 02:15:00,SYS-1,IU-1,IU,cool,False,0,24.0,24.046604930009824,24.16806691592412,,13.314199609477232,11.680864000544657,,,,,,,,,,,,,267.8716511674336,955.3752511901181,73.31738298692594
2026-01-06 02:30:00,SYS-1,IU-1,IU,cool,False,0,24.0,24.423299433760555,24.530837331700006,,13.761440286312636,11.031448755349487,,,,,,,,,,,,,293.892602636638,971.8678094294451,69.99893525939133
2026-01-06 02:45:00,SYS-1,IU-1,IU,cool,False,0,24.0,25.125131093923788,25.080823524709896,,13.571948236416643,10.786708784760297,,,,,,,,,,,,,295.8116594423877,974.4993123680384,80.64529290579412
2026-01-06 03:00:00,SYS-1,IU-1,IU,cool,False,0,24.0,23.89494747362149,23.61210093072261,,14.311168910148726,10.049493046725036,,,,,,,,,,,,,289.12601595722384,990.2061446623097,64.73040577554721
2026-01-06 03:15:00,SYS-1,IU-1,IU,cool,False,0,24.0,24.5439242009553,24.52602352122171,,14.17598813812451,11.605979465405786,,,,,,,,,,,,,288.87427445601196,1017.779270840007,72.38315464892467
2026-01-06 03:30:00,SYS-1,IU-1,IU,cool,False,0,24.0,24.999669157092324,24.829610768812888,,13.566205976004287,11.122398860873032,,,,,,,,,,,,,331.7775611716016,1001.4742640003775,83.15960837180087
2026-01-06 03:45:00,SYS-1,IU-1,IU,cool,False,0,24.0,24.336373250980227,24.526741904563266,,13.455684403669038,11.819631870042755,,,,,,,,,,,,,288.50004108041435,965.7337718051239,73.43213279824779
2026-01-06 04:00:00,SYS-1,IU-1,IU,cool,False,0,24.0,25.645468040191634,25.639379462749353,,14.173328684281328,11.847861994558388,,,,,,,,,,,,,298.698362719347,983.6081371016271,68.3928948189828
2026-01-06 04:15:00,SYS-1,IU-1,IU,cool,False,0,24.0,24.120351667512843,24.453500238126242,,14.052059999260015,11.101511584892503,,,,,,,,,,,,,307.7950051634975,975.0615488987359,84.16923814251565
2026-01-06 04:30:00,SYS-1,IU-1,IU,cool,False,0,24.0,25.354847367837706,25.501909430009334,,13.80047458205447,12.70969700739208,,,,,,,,,,,,,288.11931330537345,994.0799703314854,80.58802959737889
2026-01-06 04:45:00,SYS-1,IU-1,IU,cool,False,0,24.0,25.41413253924034,25.581239730369962,,13.155384493215578,12.435489406722732,,,,,,,,,,,,,308.5743472698028,1023.8380457842248,72.44899534451986
2026-01-06 05:00:00,SYS-1,IU-1,IU,cool,False,0,24.0,25.24083153606394,25.28696296555278,,13.015664731407938,12.355987342855155,,,,,,,,,,,,,334.9217863902116,1022.9612625116155,82.78933405548847
2026-01-06 05:15:00,SYS-1,IU-1,IU,cool,False,0,24.0,24.914309608763197,24.95604407564573,,14.135699836154032,11.369334102822165,,,,,,,,,,,,,322.8551398009969,1004.7838803882074,74.1545322365981
2026-01-06 05:30:00,SYS-1,IU-1,IU,cool,False,0,24.0,25.098598322163546,25.22925289560261,,14.368310855478631,11.779174580964744,,,,,,,,,,,,,318.9696967167277,1023.3381496860419,72.83010335183839
2026-01-06 05:45:00,SYS-1,IU-1,IU,cool,False,0,24.0,24.728683956179715,24.91321771956248,,14.397435587523255,11.722253084881572,,,,,,,,,,,,,318.75795432849696,1003.6793069862824,78.94413776324366
2026-01-06 06:00:00,SYS-1,IU-1,IU,cool,False,0,24.0,25.242797397744056,25.100683345285283,,13.35641411826807,11.792619757388895,,,,,,,,,,,,,311.67946324820014,990.6900090624539,77.35099693172269
2026-01-06 06:15:00,SYS-1,IU-1,IU,cool,False,0,24.0,24.661899449602256,24.760355585063984,,14.514389767698791,11.433663978251278,,,,,,,,,,,,,324.2474297877626,990.7187486029695,74.20608548873862
2026-01-06 06:30:00,SYS-1,IU-1,IU,cool,False,0,24.0,24.909282681305996,25.43350012595521,,13.715811064963482,12.20021322666217,,,,,,,,,,,,,307.1487651843499,1000.8684808058491,77.7149017479508
2026-01-06 06:45:00,SYS-1,IU-1,IU,cool,False,0,24.0,25.27966006430403,25.26172205892494,,14.155781321693365,12.076187324206938,,,,,,,,,,,,,302.5050186237323,1045.0865518185408,74.24690054826608
2026-01-06 07:00:00,SYS-1,IU-1,IU,cool,False,0,24.0,24.63163495438926,24.580526271268436,,14.140197339912303,12.114537744839739,,,,,,,,,,,,,309.48618969104155,988.1846488498193,79.21006949851999
2026-01-06 07:15:00,SYS-1,IU-1,IU,cool,False,0,24.0,24.83764956258697,24.699155575906452,,13.492617041205351,11.64088536977637,,,,,,,,,,,,,320.4012568307501,1037.4792927845183,78.3193318499577
2026-01-06 07:30:00,SYS-1,IU-1,IU,cool,False,0,24.0,24.97315898017181,24.68344613528317,,13.552096540530824,12.49326819512946,,,,,,,,,,,,,310.3891558119544,1036.3964525022386,81.59298186579076
2026-01-06 07:45:00,SYS-1,IU-1,IU,cool,False,0,24.0,24.494336239572092,24.732113525000322,,12.75721911145362,11.887616215810521,,,,,,,,,,,,,313.93044869788315,1003.0152886455377,74.90492112980058
2026-01-06 08:00:00,SYS-1,IU-1,IU,cool,False,0,24.0,25.21533715290942,25.227530236569944,,13.27368053469588,10.363140758799176,,,,,,,,,,,,,271.5997359882818,1001.9640444375864,69.73849010512238
2026-01-06 08:15:00,SYS-1,IU-1,IU,cool,False,0,24.0,24.933701839489206,24.993627359617523,,12.761668195028218,11.342882317271066,,,,,,,,,,,,,317.7840376717776,986.555966319164,68.93633933221773
2026-01-06 08:30:00,SYS-1,IU-1,IU,cool,False,0,24.0,24.338676347974076,24.70764320195095,,13.805385246316417,11.558205712575853,,,,,,,,,,,,,332.7102262819179,993.7206192984444,73.3642332110757
2026-01-06 08:45:00,SYS-1,IU-1,IU,cool,False,0,24.0,24.737749064259802,25.239586912963166,,13.534388072988772,11.986342555468733,,,,,,,,,,,,,315.133949207159,1002.3656683230744,81.25822576220004
2026-01-06 09:00:00,SYS-1,IU-1,IU,cool,False,0,24.0,24.474506229736818,24.296797045896774,,13.871239596909419,11.263854093639129,,,,,,,,,,,,,287.6621078389156,984.035297941632,76.69409918317317
2026-01-06 09:15:00,SYS-1,IU-1,IU,cool,False,0,24.0,24.462078425137,24.672990127325445,,13.496962745794798,11.19364884539636,,,,,,,,,,,,,276.834099670691,998.0187785563412,68.03277097254099
2026-01-06 09:30:00,SYS-1,IU-1,IU,cool,False,0,24.0,24.63178486804957,24.75655395513717,,12.900143998709554,10.886114727109245,,,,,,,,,,,,,290.68764922862306,995.7260383713117,74.70453705413556
2026-01-06 09:45:00,SYS-1,IU-1,IU,cool,False,0,24.0,24.34266295668994,24.422581429752935,,13.284240998913381,11.443917131687643,,,,,,,,,,,,,268.529576043847,972.5117449040517,62.83901888741431
2026-01-06 10:00:00,SYS-1,IU-1,IU,cool,False,0,24.0,24.789353485980335,24.885349231329897,,12.804787443125058,10.776206398170746,,,,,,,,,,,,,290.885073127234,965.5141600333807,72.34323011711439
2026-01-06 10:15:00,SYS-1,IU-1,IU,cool,False,0,24.0,24.2308911335458,24.226583563482535,,13.189108225755389,10.582852259859841,,,,,,,,,,,,,268.65616453748044,950.8281683753453,63.901626722965084
2026-01-06 10:30:00,SYS-1,IU-1,IU,cool,False,0,24.0,24.677196387364354,24.995453014793778,,12.923053347624883,10.394288903104172,,,,,,,,,,,,,287.3709611252497,951.8121288282897,68.18446448962811
2026-01-06 10:45:00,SYS-1,IU-1,IU,cool,False,0,24.0,24.308311628525313,24.431641304069203,,12.148592316392522,10.921169667875375,,,,,,,,,,,,,289.7184096417991,915.3065787270078,65.9212434538667
2026-01-06 11:00:00,SYS-1,IU-1,IU,cool,False,0,24.0,24.515549651698304,24.584955607754303,,12.518737630036629,10.251150760409603,,,,,,,,,,,,,235.04536399044866,938.124549613291,59.8451028847395
2026-01-06 11:15:00,SYS-1,IU-1,IU,cool,False,0,24.0,24.032689924621145,24.282574765860197,,12.417847667407692,9.552231922251275,,,,,,,,,,,,,266.09708948367705,926.4785239452212,61.28488493471251
2026-01-06 11:30:00,SYS-1,IU-1,IU,cool,False,0,24.0,23.97894100809504,24.15875681435406,,12.107196908311902,10.572380763029662,,,,,,,,,,,,,247.35735341218378,897.4216665239699,52.678705022878006
2026-01-06 11:45:00,SYS-1,IU-1,IU,cool,False,0,24.0,23.7196635429361,23.81222219486746,,12.578259546459195,9.780138171171615,,,,,,,,,,,,,232.7774886505267,949.767983330376,56.03014890775934
2026-01-06 12:00:00,SYS-1,IU-1,IU,cool,False,0,24.0,27.572808947584814,24.239304663046305,,12.856525450351695,10.178501364392693,,,,,,,,,,,,,240.73985626711058,879.5661931158991,60.19587598563549
2026-01-06 12:15:00,SYS-1,IU-1,IU,cool,False,0,24.0,27.4466028930302,24.567626223943844,,11.685326885014872,10.056086318685626,,,,,,,,,,,,,242.79180405070423,873.7719668454012,73.67295332250588
2026-01-06 12:30:00,SYS-1,IU-1,IU,cool,False,0,24.0,27.39027625303754,24.60769089346711,,11.563598374026428,10.340751103252348,,,,,,,,,,,,,257.6737370849011,888.8539765990834,55.0277326467104
2026-01-06 12:45:00,SYS-1,IU-1,IU,cool,False,0,24.0,28.003013637161168,24.17466328695527,,10.485787767028194,10.132084565576337,,,,,,,,,,,,,215.4734716842591,836.8799168140105,50.33016954245858
2026-01-06 13:00:00,SYS-1,IU-1,IU,cool,False,0,24.0,27.0266701984313,23.645245448069584,,11.41790220637803,9.194847109365144,,,,,,,,,,,,,250.2330461012113,852.0997279920258,43.219142877176836
2026-01-06 13:15:00,SYS-1,IU-1,IU,cool,False,0,24.0,27.791535652121585,23.547028577626424,,11.139029719306391,9.273928776846587,,,,,,,,,,,,,260.9845757600509,829.9488889803004,52.04160136338929
2026-01-06 13:30:00,SYS-1,IU-1,IU,cool,False,0,24.0,27.58079718142075,23.524547453304574,,10.154043561495703,8.589430098126387,,,,,,,,,,,,,236.00061004684912,833.7369930970276,36.89494836024278
2026-01-06 13:45:00,SYS-1,IU-1,IU,cool,False,0,24.0,27.509673690147242,23.571481558445704,,11.259669454167588,9.954088948130916,,,,,,,,,,,,,231.6517973326955,843.2233638731965,39.6855161455674
2026-01-06 14:00:00,SYS-1,IU-1,IU,cool,False,0,24.0,27.365138059724146,23.991010310259725,,11.295506602392496,9.220813607396092,,,,,,,,,,,,,219.79866074420067,845.3190122405211,44.06347460666455
2026-01-06 14:15:00,SYS-1,IU-1,IU,cool,False,0,24.0,27.43770884480455,23.318030110764116,,10.521806165366248,9.586068895092358,,,,,,,,,,,,,199.0401824811443,854.3054533063226,34.83446122378019
2026-01-06 14:30:00,SYS-1,IU-1,IU,cool,False,0,24.0,27.195890602159384,23.144433495116452,,10.596170977352532,8.622979050399307,,,,,,,,,,,,,221.4967241684892,841.9772936058275,47.272535179702835
2026-01-06 14:45:00,SYS-1,IU-1,IU,cool,False,0,24.0,27.145544158352937,23.264746922081113,,10.198066463413777,7.65673615631848,,,,,,,,,,,,,216.19966335689787,843.4601226427678,43.76539240328516
2026-01-06 15:00:00,SYS-1,IU-1,IU,cool,False,0,24.0,27.464563960226517,23.736935345645765,,10.967057500199275,9.3516427663256,,,,,,,,,,,,,218.54748677436504,825.8259531681095,34.24126905445452
2026-01-06 15:15:00,SYS-1,IU-1,IU,cool,False,0,24.0,27.07844035827322,23.15019469538946,,9.737598389313328,8.54287918942746,,,,,,,,,,,,,243.4222167840678,799.3598619123788,33.18792159249354
2026-01-06 15:30:00,SYS-1,IU-1,IU,cool,False,0,24.0,27.70240857132275,23.391403968798617,,10.256662674198424,8.479885871194021,,,,,,,,,,,,,213.3155136829467,825.9898381343053,28.321240478285166
2026-01-06 15:45:00,SYS-1,IU-1,IU,cool,False,0,24.0,27.77131799323039,23.385683735568794,,11.312596859288549,8.364792357893393,,,,,,,,,,,,,206.49749845527987,789.4028163714268,26.958179906608812
2026-01-06 16:00:00,SYS-1,IU-1,IU,cool,False,0,24.0,26.632436288392245,22.772546711097867,,10.293743159437055,8.590286254170449,,,,,,,,,,,,,221.4674455934802,782.7379604249206,35.33801203269384
2026-01-06 16:15:00,SYS-1,IU-1,IU,cool,False,0,24.0,27.10438655222871,22.803559918867975,,10.440220442740037,8.472821159122468,,,,,,,,,,,,,176.00939461898872,821.828031167159,35.47462012097703
2026-01-06 16:30:00,SYS-1,IU-1,IU,cool,False,0,24.0,27.560679547156926,22.93537128277137,,10.078913871506424,7.356972659394468,,,,,,,,,,,,,177.42668893032436,803.7869391105545,33.43443596689899
2026-01-06 16:45:00,SYS-1,IU-1,IU,cool,False,0,24.0,27.54567543483194,22.661645095848247,,9.518926807642993,8.649586468575967,,,,,,,,,,,,,187.55609483010744,789.6635480637159,32.428885981363905
2026-01-06 17:00:00,SYS-1,IU-1,IU,cool,False,0,24.0,27.520581859907384,23.526946794281017,,10.05181270381205,7.803671476576148,,,,,,,,,,,,,182.22051139705962,798.0218349697146,27.810946458736435
2026-01-06 17:15:00,SYS-1,IU-1,IU,cool,False,0,24.0,27.598243967163047,22.698902374885616,,10.24166627729846,7.8049054160916995,,,,,,,,,,,,,201.5618835969799,798.7647535271672,32.05677035385972
2026-01-06 17:30:00,SYS-1,IU-1,IU,cool,False,0,24.0,27.679457714826466,22.59966667984903,,9.505789457352654,8.880824648795961,,,,,,,,,,,,,185.75169006392437,752.7212345406989,22.59995712031421
2026-01-06 17:45:00,SYS-1,IU-1,IU,cool,False,0,24.0,27.70936235775004,22.648042820868525,,10.175089111589417,8.464561457463153,,,,,,,,,,,,,216.2274722205875,777.2882952292157,29.86414319806988
2026-01-06 18:00:00,SYS-1,IU-1,IU,cool,False,0,24.0,27.940415859600233,23.038942809586466,,10.622455014502108,7.83090722352855,,,,,,,,,,,,,212.80671130017998,755.3539433894252,37.16301618689797
2026-01-06 18:15:00,SYS-1,IU-1,IU,cool,False,0,24.0,27.49967602607386,22.94626000730732,,10.539126854042753,7.076086083152566,,,,,,,,,,,,,201.67953031006644,781.5998850794227,36.45942794816946
2026-01-06 18:30:00,SYS-1,IU-1,IU,cool,False,0,24.0,27.70896030347982,22.65870543292835,,9.225737637267812,8.097928912550511,,,,,,,,,,,,,184.72343157023437,766.5253581571692,27.659028235695324
2026-01-06 18:45:00,SYS-1,IU-1,IU,cool,False,0,24.0,27.087351322003343,22.537926797201646,,9.55078964466618,8.307757350121236,,,,,,,,,,,,,200.40714158832452,808.3434714452311,28.5736128247621
2026-01-06 19:00:00,SYS-1,IU-1,IU,cool,False,0,24.0,27.46028004974908,23.1371519390979,,9.261308686313786,8.027880592998763,,,,,,,,,,,,,204.2103405788472,793.3462664192202,37.534334633060226
2026-01-06 19:15:00,SYS-1,IU-1,IU,cool,False,0,24.0,27.188296704264495,22.580636603002073,,10.64171734412874,7.4831202112813715,,,,,,,,,,,,,177.18561754799822,769.0486648767215,40.065187894148025
2026-01-06 19:30:00,SYS-1,IU-1,IU,cool,False,0,24.0,27.841579286616373,23.26055809146519,,10.457405610365438,7.756896952301194,,,,,,,,,,,,,199.79892402852659,787.6610735382396,24.16487324247953
2026-01-06 19:45:00,SYS-1,IU-1,IU,cool,False,0,24.0,28.0770696167902,23.02565472294579,,10.557824797270003,7.57864396393512,,,,,,,,,,,,,206.77934229985075,767.0679546390687,30.208373794925528
2026-01-06 20:00:00,SYS-1,IU-1,IU,cool,False,0,24.0,27.628757907278924,22.838023469281914,,9.828774039642687,8.375647458827679,,,,,,,,,,,,,201.28543136666423,795.7806783187293,34.29478103003478
2026-01-06 20:15:00,SYS-1,IU-1,IU,cool,False,0,24.0,27.168275333000025,23.65427023734092,,9.75372779559469,8.746769251999567,,,,,,,,,,,,,223.67847524867537,810.0461810278053,40.09814239893099
2026-01-06 20:30:00,SYS-1,IU-1,IU,cool,False,0,24.0,27.46528954979053,23.59657706449426,,10.451747185401171,8.925992808460418,,,,,,,,,,,,,220.6112445994526,808.9457309100138,30.731761163661833
2026-01-06 20:45:00,SYS-1,IU-1,IU,cool,False,0,24.0,27.500845427899833,23.63308837376893,,10.546812212491561,8.130206440184146,,,,,,,,,,,,,192.50587591319007,770.1104170939929,39.198299195012865
2026-01-06 21:00:00,SYS-1,IU-1,IU,cool,False,0,24.0,27.543187851576874,23.24439425662434,,10.15865973212847,8.703299079229181,,,,,,,,,,,,,209.44082821031918,807.3324345498356,35.58616326767808
2026-01-06 21:15:00,SYS-1,IU-1,IU,cool,False,0,24.0,27.76590228121738,23.523752177451627,,10.752396312482743,8.958343266698664,,,,,,,,,,,,,197.9063609658264,829.9262448989,50.21012599449283
2026-01-06 21:30:00,SYS-1,IU-1,IU,cool,False,0,24.0,27.732184685650957,23.616196991130913,,11.104761167341401,8.526902572806362,,,,,,,,,,,,,222.16765346981572,831.9417282513559,41.71092048773654
2026-01-06 21:45:00,SYS-1,IU-1,IU,cool,False,0,24.0,26.831327179251158,24.077398806850947,,11.002867423255815,8.814605841485669,,,,,,,,,,,,,203.6585629544563,855.3725965782205,40.2067891589195
2026-01-06 22:00:00,SYS-1,IU-1,IU,cool,False,0,24.0,27.835389435994603,23.206323629971283,,10.480310231658676,10.061933190868746,,,,,,,,,,,,,233.84966907259198,813.1878044218839,40.590811550095935
2026-01-06 22:15:00,SYS-1,IU-1,IU,cool,False,0,24.0,27.36967638378936,23.783806784007375,,10.059091538805344,9.21798412630205,,,,,,,,,,,,,229.28485531122578,856.2632108642573,49.01437782117219
2026-01-06 22:30:00,SYS-1,IU-1,IU,cool,False,0,24.0,27.354059796198957,23.930651978440896,,11.105193161741555,9.676112597274335,,,,,,,,,,,,,241.60151284626158,839.9400068709623,48.61492519124678
2026-01-06 22:45:00,SYS-1,IU-1,IU,cool,False,0,24.0,27.84804462041401,23.811954019060344,,11.43929852488842,9.13970392652045,,,,,,,,,,,,,228.537362828651,864.1943506917563,41.30184768881545
2026-01-06 23:00:00,SYS-1,IU-1,IU,cool,False,0,24.0,27.42716856612298,23.693984604037578,,11.352320009689599,9.503240630498095,,,,,,,,,,,,,212.62645935126199,875.9145653898139,49.39251770594172
2026-01-06 23:15:00,SYS-1,IU-1,IU,cool,False,0,24.0,27.15129813161653,23.141517657387023,,11.395644287690235,8.752654901468949,,,,,,,,,,,,,264.78210840587764,889.1821643608039,43.17561344276845
2026-01-06 23:30:00,SYS-1,IU-1,IU,cool,False,0,24.0,27.162556139607155,23.569315814358475,,11.393225017365953,9.726412706767608,,,,,,,,,,,,,239.57990083884835,871.668116048881,47.7161070827294
2026-01-06 23:45:00,SYS-1,IU-1,IU,cool,False,0,24.0,27.50840528278442,24.471342220358608,,12.227012747364187,10.465332724551887,,,,,,,,,,,,,266.7261631734451,894.7086835604181,46.64004976068366
2026-01-07 00:00:00,SYS-1,IU-1,IU,cool,False,0,24.0,27.720867535250978,24.060304508444638,,11.973812660894744,11.04944928922448,,,,,,,,,,,,,256.452735055898,875.507790509992,48.11854417873962
2026-01-07 00:15:00,SYS-1,IU-1,IU,cool,False,0,24.0,27.869283160157032,23.558256054788608,,12.192416546148285,10.7291267723337,,,,,,,,,,,,,264.03287248413983,878.5087415876395,52.96173804238372
2026-01-07 00:30:00,SYS-1,IU-1,IU,cool,False,0,24.0,27.451367279783547,24.522542728068927,,11.775290574546453,10.604480358857485,,,,,,,,,,,,,285.27780824792234,925.6201607741731,53.11755164110974
2026-01-07 00:45:00,SYS-1,IU-1,IU,cool,False,0,24.0,27.37698117565416,24.00173204994858,,12.07996980735824,10.416662811308415,,,,,,,,,,,,,266.80894884834566,921.1788017780219,62.30211113226784
2026-01-07 01:00:00,SYS-1,IU-1,IU,cool,False,0,24.0,27.89986585931727,23.561112370204537,,12.599537037529014,10.217653526524316,,,,,,,,,,,,,286.5326123165153,897.5502575017429,65.24543841322593
2026-01-07 01:15:00,SYS-1,IU-1,IU,cool,False,0,24.0,27.379733314585767,23.883605476337106,,12.140170012528916,10.562743169027076,,,,,,,,,,,,,247.02148459234198,920.430371424762,61.611574704519356
2026-01-07 01:30:00,SYS-1,IU-1,IU,cool,False,0,24.0,27.858656355615842,24.186140177498146,,12.135717376991087,11.071784879069783,,,,,,,,,,,,,286.02750818590323,945.1508341723768,58.72356241650572
2026-01-07 01:45:00,SYS-1,IU-1,IU,cool,False,0,24.0,27.55279402250982,24.591598209643603,,12.720001879590328,10.492005914280366,,,,,,,,,,,,,272.90901524032824,983.0109737411137,69.87015939154385
2026-01-07 02:00:00,SYS-1,IU-1,IU,cool,False,0,24.0,27.55350602432194,24.137572774538203,,13.600485386266529,11.466562506738184,,,,,,,,,,,,,277.9889895831855,979.7334162682274,57.113419954748935
2026-01-07 02:15:00,SYS-1,IU-1,IU,cool,False,0,24.0,27.435383959639523,24.360880277782236,,13.20661635516967,10.619082453668707,,,,,,,,,,,,,283.46495942527366,981.4688881976642,58.968314785677144
2026-01-07 02:30:00,SYS-1,IU-1,IU,cool,False,0,24.0,27.56841839284021,24.816745504991317,,13.94732261213131,10.327900904460737,,,,,,,,,,,,,291.72359249167414,936.202104668845,73.64673617524343
2026-01-07 02:45:00,SYS-1,IU-1,IU,cool,False,0,24.0,27.378133398074777,24.843229644984923,,13.25293030330068,10.812642118274406,,,,,,,,,,,,,314.4181560730647,976.0175299982241,74.55354348878211
2026-01-07 03:00:00,SYS-1,IU-1,IU,cool,False,0,24.0,27.32448618398416,24.38716966495049,,13.259180881944,10.581523246001126,,,,,,,,,,,,,264.6207101570284,993.2302909053211,77.3461161276026
2026-01-07 03:15:00,SYS-1,IU-1,IU,cool,False,0,24.0,27.460450793394173,24.38811154697726,,12.807560922613632,10.817511734714433,,,,,,,,,,,,,295.7709911231157,996.9319047436894,72.48853166472769
2026-01-07 03:30:00,SYS-1,IU-1,IU,cool,False,0,24.0,27.331714559972227,24.680655140250504,,13.29859440740137,12.152773385402991,,,,,,,,,,,,,286.85389422186546,1002.3559057672635,68.27664181714421
2026-01-07 03:45:00,SYS-1,IU-1,IU,cool,False,0,24.0,27.570315242812516,24.33610446703062,,14.38053109318775,11.562863282649307,,,,,,,,,,,,,317.37538680855016,993.950349597631,73.00534490300817
2026-01-07 04:00:00,SYS-1,IU-1,IU,cool,False,0,24.0,27.51560945409117,24.966473304020948,,13.895825943819638,11.841340941554778,,,,,,,,,,,,,295.6151479073146,1037.901671559186,79.27319030981607
2026-01-07 04:15:00,SYS-1,IU-1,IU,cool,False,0,24.0,27.42874418546334,24.844987719645456,,14.160306034185195,12.372802263276888,,,,,,,,,,,,,310.6639152218044,1035.97492224824,73.34901572787084
2026-01-07 04:30:00,SYS-1,IU-1,IU,cool,False,0,24.0,27.444383256024437,25.050101755488853,,14.200307981098897,12.477309905977013,,,,,,,,,,,,,299.47021533567903,1007.8248868670054,74.34741220138785
2026-01-07 04:45:00,SYS-1,IU-1,IU,cool,False,0,24.0,27.43716744320054,24.38102411824766,,13.889087539005596,11.641562427858034,,,,,,,,,,,,,316.8366875393917,992.8772887887211,71.44665133370859
2026-01-07 05:00:00,SYS-1,IU-1,IU,cool,False,0,24.0,27.929015213003606,24.539081209588495,,13.829448659296354,12.596133973770758,,,,,,,,,,,,,323.1775994840002,1055.8033220384452,73.08083071218206
2026-01-07 05:15:00,SYS-1,IU-1,IU,cool,False,0,24.0,27.491994629494386,25.363458530787483,,14.021162347397423,12.153869440181762,,,,,,,,,,,,,302.8861170966021,1005.4788121371237,83.52925248057912
2026-01-07 05:30:00,SYS-1,IU-1,IU,cool,False,0,24.0,27.345821467400896,24.553738599738736,,14.318540768031019,11.98455301153336,,,,,,,,,,,,,310.2228244560401,1041.7324458500773,81.84424622013687
2026-01-07 05:45:00,SYS-1,IU-1,IU,cool,False,0,24.0,27.420344994310046,24.286768301682013,,14.224650953231134,12.216767306699468,,,,,,,,,,,,,288.5661325393732,1056.7476077578028,73.89050013101524
2026-01-07 06:00:00,SYS-1,IU-1,IU,cool,False,0,24.0,27.659857445759965,25.32266473781406,,14.245986105883466,11.287186690367049,,,,,,,,,,,,,314.5809968044259,999.9697412684372,74.35210616606079
2026-01-07 06:15:00,SYS-1,IU-1,IU,cool,False,0,24.0,27.44413547707433,25.444629462723423,,14.072789934187279,11.602667269099186,,,,,,,,,,,,,322.7155544141549,1024.3832643428582,76.89999850982898
2026-01-07 06:30:00,SYS-1,IU-1,IU,cool,False,0,24.0,27.45657449083796,25.18526738785359,,13.597922763402247,11.928818499896014,,,,,,,,,,,,,301.15561627311536,1010.8544424692573,82.31433979650178
2026-01-07 06:45:00,SYS-1,IU-1,IU,cool,False,0,24.0,27.43017978134721,24.438031002616434,,13.830772850412291,12.266424376439787,,,,,,,,,,,,,325.6525575329356,1026.8195375816158,73.42865605662678
2026-01-07 07:00:00,SYS-1,IU-1,IU,cool,False,0,24.0,27.535379097508425,25.24168015322904,,13.461125114482009,11.745836127743255,,,,,,,,,,,,,276.8558943392994,1021.1477471442925,78.07776620665348
2026-01-07 07:15:00,SYS-1,IU-1,IU,cool,False,0,24.0,27.591842732134946,24.574135390741784,,14.396189191771093,11.830200879964089,,,,,,,,,,,,,279.04577608168614,1051.3627591483603,67.67924160875322
2026-01-07 07:30:00,SYS-1,IU-1,IU,cool,False,0,24.0,27.60507876689256,24.87423148860395,,12.796737106236828,12.33247636200917,,,,,,,,,,,,,284.6091360892571,1021.4959232903066,71.56064990575693
2026-01-07 07:45:00,SYS-1,IU-1,IU,cool,False,0,24.0,27.085354933892376,24.77751818752034,,13.684813525364891,12.49959629485674,,,,,,,,,,,,,296.5404427618057,1006.2803504845066,79.31097247021901
2026-01-07 08:00:00,SYS-1,IU-1,IU,cool,False,0,24.0,27.227422303263406,24.931302559796155,,14.925656575187961,12.11561733124873,,,,,,,,,,,,,302.24080244020746,1025.2650394717389,80.93580405828133
2026-01-07 08:15:00,SYS-1,IU-1,IU,cool,False,0,24.0,26.837281171276373,24.965760416977254,,13.49217194948624,12.297150259832968,,,,,,,,,,,,,298.7052084986027,993.168505344002,69.75690217694677
2026-01-07 08:30:00,SYS-1,IU-1,IU,cool,False,0,24.0,27.694376081746274,24.57823856691408,,13.019314369679424,11.384526761057971,,,,,,,,,,,,,296.5948211995461,986.7275235470125,70.72644598113884
2026-01-07 08:45:00,SYS-1,IU-1,IU,cool,False,0,24.0,27.771032017226073,24.59086315620812,,13.494702160102221,11.350462075211594,,,,,,,,,,,,,305.9640287651196,1033.8109300091703,77.57932282287919
2026-01-07 09:00:00,SYS-1,IU-1,IU,cool,False,0,24.0,27.818997863266958,24.763652012131402,,14.05890174444586,11.573390382708572,,,,,,,,,,,,,285.3446092190892,967.2651800855592,70.49539740450874
2026-01-07 09:15:00,SYS-1,IU-1,IU,cool,False,0,24.0,27.529936452402538,24.75784364781328,,13.238466421320446,11.1681554958604,,,,,,,,,,,,,270.60711562721406,968.1736266772715,68.5423634198494
2026-01-07 09:30:00,SYS-1,IU-1,IU,cool,False,0,24.0,27.781135106176016,24.89686465530527,,13.524197258366534,10.963958046665898,,,,,,,,,,,,,267.86887940538963,972.7590947293999,72.60238814192144
2026-01-07 09:45:00,SYS-1,IU-1,IU,cool,False,0,24.0,27.484745952741683,23.97408413495533,,13.161116960512485,11.937212632877714,,,,,,,,,,,,,315.0241892967537,944.3620467193693,69.65114113091026
2026-01-07 10:00:00,SYS-1,IU-1,IU,cool,False,0,24.0,27.463814865152816,23.9500260226828,,12.813563469049564,10.89940953764007,,,,,,,,,,,,,244.7182560158905,916.65155732664,72.86108667821077
2026-01-07 10:15:00,SYS-1,IU-1,IU,cool,False,0,24.0,27.108995191991184,24.98830017464176,,14.459721311223621,10.40157031608659,,,,,,,,,,,,,273.8923925499812,973.0115630732869,69.82331638686541
2026-01-07 10:30:00,SYS-1,IU-1,IU,cool,False,0,24.0,27.298504308551642,23.773790086654927,,12.800942183549495,11.009065640737974,,,,,,,,,,,,,294.82960986597647,929.0566281041056,61.45468822839354
2026-01-07 10:45:00,SYS-1,IU-1,IU,cool,False,0,24.0,27.346113711799003,24.04739286443472,,12.374300060960964,11.560776360627736,,,,,,,,,,,,,276.53685226698343,926.5769797215846,62.21865966583329
2026-01-07 11:00:00,SYS-1,IU-1,IU,cool,False,0,24.0,27.72344582513576,24.183719762320468,,12.272646425317783,10.558042662204597,,,,,,,,,,,,,253.0857996228283,922.4379117896647,60.94938976216759
2026-01-07 11:15:00,SYS-1,IU-1,IU,cool,False,0,24.0,27.90841439035182,23.908877683994,,12.580467893251269,11.005867120513921,,,,,,,,,,,,,261.73820899033643,902.6080184618817,52.849034811802284
2026-01-07 11:30:00,SYS-1,IU-1,IU,cool,False,0,24.0,27.376860034118156,23.908729878782243,,12.465661084733721,10.042128544577464,,,,,,,,,,,,,270.7903534520276,893.0091967070066,53.15677631868863
2026-01-07 11:45:00,SYS-1,IU-1,IU,cool,False,0,24.0,27.587054328209174,24.589480833576417,,12.516812065001183,9.885149208482273,,,,,,,,,,,,,272.04641950995403,909.8887505537376,61.29583144298783
2026-01-07 12:00:00,SYS-1,IU-1,IU,cool,False,0,24.0,27.56290679067214,23.5875643764299,,12.070572016508937,9.655089473447878,,,,,,,,,,,,,236.50988172282212,946.7764993396166,46.8136972211991
2026-01-07 12:15:00,SYS-1,IU-1,IU,cool,False,0,24.0,27.300695141036478,23.843860179729493,,11.153384656563144,9.797488513002095,,,,,,,,,,,,,257.4826847969892,905.7031301071394,58.14144569546718
2026-01-07 12:30:00,SYS-1,IU-1,IU,cool,False,0,24.0,27.06392365784758,24.554376640432796,,12.004908594541812,10.657121117568103,,,,,,,,,,,,,245.95593713459564,898.0977178573543,52.952896643212966
2026-01-07 12:45:00,SYS-1,IU-1,IU,cool,False,0,24.0,27.30580828337894,23.82027275074677,,11.455337686503366,9.032071767325291,,,,,,,,,,,,,254.86065288719985,845.3054567120497,49.20931748701463
2026-01-07 13:00:00,SYS-1,IU-1,IU,cool,False,0,24.0,27.134908648293735,23.718702094739154,,11.339311827961557,10.300981324882942,,,,,,,,,,,,,255.32708818179938,867.2824573564577,51.01590261443629
2026-01-07 13:15:00,SYS-1,IU-1,IU,cool,False,0,24.0,27.414963164049297,23.85904958234894,,10.6156658453243,8.85289727766485,,,,,,,,,,,,,225.56405015680485,836.5849469870942,49.1398566966119
2026-01-07 13:30:00,SYS-1,IU-1,IU,cool,False,0,24.0,27.45843225763612,24.09789883862429,,10.947870764896695,9.117727418516019,,,,,,,,,,,,,205.29510349683977,868.3438437884502,51.28666939431926
2026-01-07 13:45:00,SYS-1,IU-1,IU,cool,False,0,24.0,27.44857727492389,23.402135188329275,,10.752003512414182,9.533318339788247,,,,,,,,,,,,,229.4002263661047,841.1873445448467,41.71933318422767
2026-01-07 14:00:00,SYS-1,IU-1,IU,cool,False,0,24.0,27.451719809575224,23.433279274462098,,10.981768078473213,9.315132891565735,,,,,,,,,,,,,246.6493215596845,839.5861412132441,41.14003034064416
2026-01-07 14:15:00,SYS-1,IU-1,IU,cool,False,0,24.0,27.614404588331197,23.36310162305333,,10.162150010871498,9.029874614141654,,,,,,,,,,,,,226.9495176512787,830.3835431352377,39.663613456251696
2026-01-07 14:30:00,SYS-1,IU-1,IU,cool,False,0,24.0,27.260993922083063,23.559030220856997,,10.807805288291245,7.957794120632961,,,,,,,,,,,,,216.92675671601592,814.1000590041624,49.015403377005036
2026-01-07 14:45:00,SYS-1,IU-1,IU,cool,False,0,24.0,27.71538850396034,23.409909309973163,,10.743476365191183,8.862425432371145,,,,,,,,,,,,,246.45493411019743,789.2730807484502,43.050173016746626
2026-01-07 15:00:00,SYS-1,IU-1,IU,cool,False,0,24.0,27.076139319359374,23.45661639818813,,10.025902511775394,8.074604086511561,,,,,,,,,,,,,191.97320490063197,825.5609859587862,32.47376808617564
2026-01-07 15:15:00,SYS-1,IU-1,IU,cool,False,0,24.0,27.509098928507328,23.32151957116444,,10.183992201892984,9.78077494836517,,,,,,,,,,,,,218.43446437051233,780.9411767209992,34.32058838053239
2026-01-07 15:30:00,SYS-1,IU-1,IU,cool,False,0,24.0,27.590527824934075,23.219611546973958,,9.984516537646906,8.306579052166162,,,,,,,,,,,,,193.8422346696583,780.005273468685,31.415783669548702
2026-01-07 15:45:00,SYS-1,IU-1,IU,cool,False,0,24.0,27.295791148303756,23.002239850629174,,10.790868021593818,8.431420708645478,,,,,,,,,,,,,200.8563382569624,793.0920045275997,34.073316111591346
2026-01-07 16:00:00,SYS-1,IU-1,IU,cool,False,0,24.0,27.095289464461853,22.92439681442428,,9.003817243011019,7.694598497183415,,,,,,,,,,,,,199.38312988306342,780.7760091761725,34.215731073254695
2026-01-07 16:15:00,SYS-1,IU-1,IU,cool,False,0,24.0,27.652730193034454,22.86006042197805,,10.034592080670874,7.966814459445645,,,,,,,,,,,,,218.90718505118875,796.4299399896488,43.87731606105629
2026-01-07 16:30:00,SYS-1,IU-1,IU,cool,False,0,24.0,27.32517768022289,22.867524048750063,,9.321977558856418,7.506719854404183,,,,,,,,,,,,,180.5270209679017,808.1639837749511,22.539180267921704
2026-01-07 16:45:00,SYS-1,IU-1,IU,cool,False,0,24.0,27.68841975980849,22.491323324022364,,9.89030394199749,8.596906108155995,,,,,,,,,,,,,185.15787659346606,790.1660005515585,36.282151353927205
2026-01-07 17:00:00,SYS-1,IU-1,IU,cool,False,0,24.0,27.685052994460367,23.543621403489897,,10.491518765623683,7.937162131558016,,,,,,,,,,,,,168.15017008564035,786.8512362236435,32.838532437538625
2026-01-07 17:15:00,SYS-1,IU-1,IU,cool,False,0,24.0,27.491775071222847,22.835990813564326,,9.723123799494168,8.319759843824746,,,,,,,,,,,,,198.4608706315537,781.5923388269305,26.75559266604359
2026-01-07 17:30:00,SYS-1,IU-1,IU,cool,False,0,24.0,27.492832138248776,22.38116733169375,,10.086304581664312,7.674816661330395,,,,,,,,,,,,,183.63983116956035,797.0074629741454,29.26189348168271
2026-01-07 17:45:00,SYS-1,IU-1,IU,cool,False,0,24.0,27.739598448008696,23.380222634155565,,9.58189474839773,7.753710917983083,,,,,,,,,,,,,196.45797024562694,742.1604440366689,27.366637671534303
2026-01-07 18:00:00,SYS-1,IU-1,IU,cool,False,0,24.0,27.587119324328,22.88052149808213,,10.969741303622515,8.64409032348197,,,,,,,,,,,,,173.90101322021027,786.1628593277266,30.052491737842967
2026-01-07 18:15:00,SYS-1,IU-1,IU,cool,False,0,24.0,27.260338885522593,22.802463640851325,,10.460880318065657,7.518435514657135,,,,,,,,,,,,,184.73771030355715,760.4204447363901,34.906191101363916
2026-01-07 18:30:00,SYS-1,IU-1,IU,cool,False,0,24.0,27.53503448085271,23.34138461067023,,10.58070597049493,7.1163882675425905,,,,,,,,,,,,,206.09724414231664,755.1883853366561,22.401210903334707
2026-01-07 18:45:00,SYS-1,IU-1,IU,cool,False,0,24.0,27.631322711513263,23.10085581454979,,9.37433872152317,8.24154951917293,,,,,,,,,,,,,188.53809496435002,781.2224001841954,36.87193514529738
2026-01-07 19:00:00,SYS-1,IU-1,IU,cool,False,0,24.0,27.543699452995504,23.064347029901757,,9.517608912042439,7.497481742753747,,,,,,,,,,,,,201.4290373204129,775.1629429628306,28.783633275516543
2026-01-07 19:15:00,SYS-1,IU-1,IU,cool,False,0,24.0,27.54040457352536,23.093874575669023,,10.646018514804846,7.886406543608385,,,,,,,,,,,,,201.10909059497862,796.8537907304915,38.670081812023554
2026-01-07 19:30:00,SYS-1,IU-1,IU,cool,False,0,24.0,27.45641594286348,23.102366831066686,,10.055056844579958,8.608032625945494,,,,,,,,,,,,,189.269637775015,809.9694656443457,33.77780246066011
2026-01-07 19:45:00,SYS-1,IU-1,IU,cool,False,0,24.0,27.463628400396217,23.592283082617374,,10.077293491303752,7.796956304527823,,,,,,,,,,,,,172.79144650996605,744.6821232464358,38.57348459322113
2026-01-07 20:00:00,SYS-1,IU-1,IU,cool,False,0,24.0,27.260054648709126,22.901607715250762,,10.434840848582493,8.707174229522346,,,,,,,,,,,,,212.81947642894576,793.450201540372,35.99912679287804
2026-01-07 20:15:00,SYS-1,IU-1,IU,cool,False,0,24.0,27.13657094840953,22.973438360956315,,9.709472266420686,7.996448055002571,,,,,,,,,,,,,202.6724338465761,838.2106075560121,39.46949025283555
2026-01-07 20:30:00,SYS-1,IU-1,IU,cool,False,0,24.0,27.773650129537586,23.31761692668107,,10.799726747556763,9.158632725018565,,,,,,,,,,,,,217.1480009295996,820.9692363191753,35.26342336852553
2026-01-07 20:45:00,SYS-1,IU-1,IU,cool,False,0,24.0,27.33454760364669,23.101917688537654,,10.505482366383246,9.158871884627656,,,,,,,,,,,,,174.699285021337,837.5270163323237,31.850440595812454
2026-01-07 21:00:00,SYS-1,IU-1,IU,cool,False,0,24.0,27.54851587091135,22.66785970905685,,10.825406510405383,8.35008873230986,,,,,,,,,,,,,182.75445341765706,816.0030827518841,40.51105368095782
2026-01-07 21:15:00,SYS-1,IU-1,IU,cool,False,0,24.0,27.119280793127317,23.967923363743648,,10.346001360858233,8.574694290575183,,,,,,,,,,,,,178.29833885132436,790.9928219410103,41.8997300677204
2026-01-07 21:30:00,SYS-1,IU-1,IU,cool,False,0,24.0,27.53258506050411,23.357100432667256,,11.039092072922188,8.366509376488416,,,,,,,,,,,,,200.3217493437363,803.2698187791281,50.12487747179962
2026-01-07 21:45:00,SYS-1,IU-1,IU,cool,False,0,24.0,27.287076399650378,24.548457781922874,,10.536418719236288,8.988860525298861,,,,,,,,,,,,,232.29503454887814,846.3861579096307,30.8853584484714
2026-01-07 22:00:00,SYS-1,IU-1,IU,cool,False,0,24.0,28.232070221070867,23.482169556976416,,11.477190298452289,9.574585246293246,,,,,,,,,,,,,228.48987978989362,857.9979968720746,41.333182165283986
2026-01-07 22:15:00,SYS-1,IU-1,IU,cool,False,0,24.0,27.23957140866828,23.57102130222324,,11.680245713114182,8.39204421021908,,,,,,,,,,,,,222.95036921632288,831.1156514887962,49.089434258624756
2026-01-07 22:30:00,SYS-1,IU-1,IU,cool,False,0,24.0,27.252795551990427,23.89184914737672,,11.690575944402221,9.69335735767472,,,,,,,,,,,,,229.0075984870921,847.5329385942975,38.975406688596244
2026-01-07 22:45:00,SYS-1,IU-1,IU,cool,False,0,24.0,27.72777412800673,23.88527123921565,,11.61535290233363,8.695152737156324,,,,,,,,,,,,,242.12545527128182,865.4790869612872,45.64980124555223
2026-01-07 23:00:00,SYS-1,IU-1,IU,cool,False,0,24.0,27.77613484105101,23.854508064577164,,11.799270037095674,9.052501606663848,,,,,,,,,,,,,229.93860165023048,832.7596997153671,58.9721127455004
2026-01-07 23:15:00,SYS-1,IU-1,IU,cool,False,0,24.0,26.968874473407656,24.017280225376084,,10.2568556584245,8.715967475520888,,,,,,,,,,,,,244.23561493350326,868.4103423679854,57.05310929407029
2026-01-07 23:30:00,SYS-1,IU-1,IU,cool,False,0,24.0,27.55646361652736,23.93436698510535,,12.15638971844295,10.791420394104831,,,,,,,,,,,,,244.2677470562857,915.5223544996052,47.15882451969877
2026-01-07 23:45:00,SYS-1,IU-1,IU,cool,False,0,24.0,27.711618198733955,24.076609367159186,,11.732173811322617,9.898544593787229,,,,,,,,,,,,,213.2701726231528,934.68558137748,60.346228778630014
2026-01-08 00:00:00,SYS-1,IU-1,IU,cool,False,0,24.0,27.188612155194104,24.63186722097764,,12.047472496557912,10.122376332522837,,,,,,,,,,,,,244.22756767855017,896.6573408015709,60.76876319554427
2026-01-08 00:15:00,SYS-1,IU-1,IU,cool,False,0,24.0,27.66306178542654,24.513132876408644,,11.988953187300659,9.79274847928808,,,,,,,,,,,,,274.30553201114077,943.3019784896211,60.36637296241574
2026-01-08 00:30:00,SYS-1,IU-1,IU,cool,False,0,24.0,27.361852195403653,23.91147220145953,,11.565483877639405,10.794535717936997,,,,,,,,,,,,,251.89366239714462,903.9853507234922,60.010166812686904
2026-01-08 00:45:00,SYS-1,IU-1,IU,cool,False,0,24.0,27.24473172561004,24.066518919153193,,12.120863960535127,9.338592268447444,,,,,,,,,,,,,259.55907882574235,906.0286368990892,60.910017892643715
2026-01-08 01:00:00,SYS-1,IU-1,IU,cool,False,0,24.0,27.405735941388393,24.138349349247267,,12.84690550111614,10.530970805526737,,,,,,,,,,,,,256.42615040525226,885.117107708046,56.95229271495767
2026-01-08 01:15:00,SYS-1,IU-1,IU,cool,False,0,24.0,27.3781542005886,24.107700102878383,,13.351563726430856,11.74624130350662,,,,,,,,,,,,,262.01688558606145,956.5355548572602,60.28952859596196
2026-01-08 01:30:00,SYS-1,IU-1,IU,cool,False,0,24.0,27.147365784527107,24.313801646017076,,12.453905734977633,10.574339858342055,,,,,,,,,,,,,289.82118878867357,937.2651106607045,68.08201184779918
2026-01-08 01:45:00,SYS-1,IU-1,IU,cool,False,0,24.0,28.049113438863216,24.075309765634675,,12.432591638086233,10.893151152470992,,,,,,,,,,,,,272.51603169982394,998.6958311003158,66.60720557303976
2026-01-08 02:00:00,SYS-1,IU-1,IU,cool,False,0,24.0,27.37972664288518,24.441028886832342,,13.725881143254052,11.336116496663072,,,,,,,,,,,,,264.67076373374505,965.4585188513735,76.61149220679756
2026-01-08 02:15:00,SYS-1,IU-1,IU,cool,False,0,24.0,27.307312201736583,24.51759454133514,,12.669855818836702,10.7054151288287,,,,,,,,,,,,,236.66376392887076,969.2681285733469,67.06463221330483
2026-01-08 02:30:00,SYS-1,IU-1,IU,cool,False,0,24.0,27.705133576103336,25.21417519388265,,14.254340838548357,11.228945439369678,,,,,,,,,,,,,277.93513397233994,935.7588679481274,58.041989359556055
2026-01-08 02:45:00,SYS-1,IU-1,IU,cool,False,0,24.0,27.47482938470547,25.0925309409977,,13.344015951594315,11.799189225993816,,,,,,,,,,,,,260.058496790318,1007.9574516237165,69.65914242666291
2026-01-08 03:00:00,SYS-1,IU-1,IU,cool,False,0,24.0,27.824252404911352,25.251652557638753,,12.972509044924728,11.511409328561577,,,,,,,,,,,,,265.0701644681789,976.4314584857401,73.91843037138369
2026-01-08 03:15:00,SYS-1,IU-1,IU,cool,False,0,24.0,27.42644180210688,24.80898749364212,,13.995848418498746,11.689173144678737,,,,,,,,,,,,,307.0380595981369,985.8369517040062,75.56389109860338
2026-01-08 03:30:00,SYS-1,IU-1,IU,cool,False,0,24.0,27.580126134671428,25.704548430719747,,14.433381113724796,11.411989475495618,,,,,,,,,,,,,308.23133390358436,949.9125948281425,75.02625254191199
2026-01-08 03:45:00,SYS-1,IU-1,IU,cool,False,0,24.0,27.515953012305918,25.384537449220776,,12.945565426918163,11.820739754082421,,,,,,,,,,,,,271.1299867792292,1017.1439890025831,71.5215860725687
2026-01-08 04:00:00,SYS-1,IU-1,IU,cool,False,0,24.0,27.534189539771372,25.102041511581607,,14.511531851861465,11.759933637101993,,,,,,,,,,,,,314.73371629719134,1022.5416204896939,83.99249218008492
2026-01-08 04:15:00,SYS-1,IU-1,IU,cool,False,0,24.0,27.441065562143066,24.762629349896724,,13.65304288771365,12.52127793024524,,,,,,,,,,,,,310.70274162078175,994.353270853059,73.95269318203827
2026-01-08 04:30:00,SYS-1,IU-1,IU,cool,False,0,24.0,27.466871988986043,24.0317987257981,,14.590923846488012,12.209956319643583,,,,,,,,,,,,,293.67924089418545,1011.5735568357462,81.5155758157029
2026-01-08 04:45:00,SYS-1,IU-1,IU,cool,False,0,24.0,27.909041056785952,24.92561611521019,,13.703628042750971,11.772019349055102,,,,,,,,,,,,,317.8315215336334,1020.3350103563589,77.09439574241152
2026-01-08 05:00:00,SYS-1,IU-1,IU,cool,False,0,24.0,27.323808603438668,24.81931720555687,,13.143255073343635,10.708445418064532,,,,,,,,,,,,,283.555909608622,1034.0256582119323,73.013255784946
2026-01-08 05:15:00,SYS-1,IU-1,IU,cool,False,0,24.0,27.357114447558704,25.692627740188673,,14.21255411665908,12.319431638449267,,,,,,,,,,,,,290.7806705313599,1018.6427450370462,86.45950915149587
2026-01-08 05:30:00,SYS-1,IU-1,IU,cool,False,0,24.0,27.4074384799423,24.434721014742887,,14.446178771936678,12.36052256294231,,,,,,,,,,,,,287.8913621035555,1052.2891771854372,67.08557179324123
2026-01-08 05:45:00,SYS-1,IU-1,IU,cool,False,0,24.0,27.634382303883772,25.676601208072945,,15.043699275699911,11.53726385743426,,,,,,,,,,,,,293.19897954314195,1013.7577261748107,75.5487617405584
2026-01-08 06:00:00,SYS-1,IU-1,IU,cool,False,0,24.0,27.592338851273,24.950553705987442,,14.86179886501455,11.000815789061386,,,,,,,,,,,,,323.18033208262375,1006.7386364035385,82.03287116438743
2026-01-08 06:15:00,SYS-1,IU-1,IU,cool,False,0,24.0,27.72487644374863,25.43406461203979,,14.343338876206504,11.42481431847067,,,,,,,,,,,,,289.86709842830214,1009.2758143861489,78.03020612361796
2026-01-08 06:30:00,SYS-1,IU-1,IU,cool,False,0,24.0,27.16017088996952,24.226092371176975,,13.864036073435438,12.44598410306987,,,,,,,,,,,,,292.2172196492471,967.0895513969929,83.41337705010457
2026-01-08 06:45:00,SYS-1,IU-1,IU,cool,False,0,24.0,27.557113402609872,25.227108592089298,,13.701244745467852,11.429179814735349,,,,,,,,,,,,,294.57164314466326,1000.4291016042026,78.89272697754605
2026-01-08 07:00:00,SYS-1,IU-1,IU,cool,False,0,24.0,27.449024160065658,24.678335663754133,,13.78441517980717,11.70208907870311,,,,,,,,,,,,,310.88750550379444,1034.9261503905445,76.7553891973386
2026-01-08 07:15:00,SYS-1,IU-1,IU,cool,False,0,24.0,27.42169996796994,25.273547895877247,,13.478394145588897,12.004057288648802,,,,,,,,,,,,,301.72039371802776,1017.808187816168,89.36535575278423
2026-01-08 07:30:00,SYS-1,IU-1,IU,cool,False,0,24.0,27.533407063086432,24.906427814170637,,13.710483049719949,12.459943055890518,,,,,,,,,,,,,318.3678639344414,993.3746395549987,76.87475496925272
2026-01-08 07:45:00,SYS-1,IU-1,IU,cool,False,0,24.0,27.004326836979153,24.593044435652068,,12.521481771127329,11.784666889104239,,,,,,,,,,,,,293.1419572180771,1013.5085680140977,76.51147417986424
2026-01-08 08:00:00,SYS-1,IU-1,IU,cool,False,0,24.0,27.56049573590302,25.164471601076258,,13.821484840548674,11.681857144211987,,,,,,,,,,,,,282.62010873971667,962.443356893418,71.11387101148821
2026-01-08 08:15:00,SYS-1,IU-1,IU,cool,False,0,24.0,27.528598865140914,25.227116458447977,,13.648471674911278,11.388514518313409,,,,,,,,,,,,,292.3260290716333,992.9762605870739,71.92829942609313
2026-01-08 08:30:00,SYS-1,IU-1,IU,cool,False,0,24.0,27.13850378617101,24.568461298809062,,14.869643875012287,12.402033074819144,,,,,,,,,,,,,298.1240314386174,1004.6009292381564,77.96824407738755
2026-01-08 08:45:00,SYS-1,IU-1,IU,cool,False,0,24.0,27.46917322519828,25.119130764473066,,13.883050110375672,12.036654800343863,,,,,,,,,,,,,281.09876774413675,1003.0829103564839,76.5039541227843
2026-01-08 09:00:00,SYS-1,IU-1,IU,cool,False,0,24.0,27.87695839316275,24.73849728539937,,13.17410344459033,11.366651860040863,,,,,,,,,,,,,296.53627574648266,968.2648821288749,72.5756941596682
2026-01-08 09:15:00,SYS-1,IU-1,IU,cool,False,0,24.0,27.39656413977825,24.89416568133932,,13.601058825670805,10.62040208654836,,,,,,,,,,,,,316.7309838891889,996.2858601003236,67.87097172531286
2026-01-08 09:30:00,SYS-1,IU-1,IU,cool,False,0,24.0,27.639777709066657,23.806915548265977,,12.604639799375244,10.82237810118987,,,,,,,,,,,,,277.70230194451676,1009.354288679857,73.54515217153187
2026-01-08 09:45:00,SYS-1,IU-1,IU,cool,False,0,24.0,27.436870295377204,23.93932519460215,,12.809794512408395,11.400881285616437,,,,,,,,,,,,,283.87856890939116,957.044055396657,60.261734473204726
2026-01-08 10:00:00,SYS-1,IU-1,IU,cool,False,0,24.0,27.291601730525212,24.57014953725431,,12.066202643417332,10.639261164489778,,,,,,,,,,,,,300.14955611759666,973.734194987681,65.68801524373855
2026-01-08 10:15:00,SYS-1,IU-1,IU,cool,False,0,24.0,27.264597923636966,24.9832701417849,,13.6027071418724,11.330713856853281,,,,,,,,,,,,,266.67026204744803,920.8403507065667,64.69388083515331
2026-01-08 10:30:00,SYS-1,IU-1,IU,cool,False,0,24.0,27.394296530293914,24.155492532070202,,13.062036849834522,10.946096131993087,,,,,,,,,,,,,260.09012807018956,905.5993557024539,60.236356024237836
2026-01-08 10:45:00,SYS-1,IU-1,IU,cool,False,0,24.0,27.81500549198725,24.213827889558083,,12.055086792039262,10.78920462667995,,,,,,,,,,,,,252.70279119991253,949.7486719834048,63.70447633352102
2026-01-08 11:00:00,SYS-1,IU-1,IU,cool,False,0,24.0,27.69506448427403,24.16112764367746,,12.48739429987609,10.844360478303157,,,,,,,,,,,,,271.30840521529143,930.8476239085094,58.03697797950615
2026-01-08 11:15:00,SYS-1,IU-1,IU,cool,False,0,24.0,27.317856841582596,23.84257610416666,,12.865064743051152,10.63947456792621,,,,,,,,,,,,,269.21757089026613,926.339914808451,55.76820477756151
2026-01-08 11:30:00,SYS-1,IU-1,IU,cool,False,0,24.0,27.740198494127657,23.962040981339193,,12.508606675213866,9.833463614416459,,,,,,,,,,,,,255.38383102956007,902.937412441724,67.1903829216404
2026-01-08 11:45:00,SYS-1,IU-1,IU,cool,False,0,24.0,27.461145643442478,23.98824270134577,,12.321944776890605,9.967891243401345,,,,,,,,,,,,,254.32295466152203,900.9124416046996,60.258198907222834
2026-01-08 12:00:00,SYS-1,IU-1,IU,cool,False,0,24.0,27.321629658425245,24.612441391904305,,11.571078907796176,11.169908043226817,,,,,,,,,,,,,268.8564710942036,915.1621442648172,60.91892799103617
2026-01-08 12:15:00,SYS-1,IU-1,IU,cool,False,0,24.0,27.599442633392105,24.191380850960464,,11.550571189698651,9.265265455650079,,,,,,,,,,,,,258.8205437577351,925.4656402048481,53.54419137253878
2026-01-08 12:30:00,SYS-1,IU-1,IU,cool,False,0,24.0,27.26699985657103,23.61534747211259,,11.786523789984924,9.501675135776438,,,,,,,,,,,,,220.86495216123456,878.9550819471285,56.486890337990374
2026-01-08 12:45:00,SYS-1,IU-1,IU,cool,False,0,24.0,27.104052704500702,23.41566287936646,,12.069947112316388,10.142668302134252,,,,,,,,,,,,,237.85213150006612,842.5245338212305,53.95754352893175
2026-01-08 13:00:00,SYS-1,IU-1,IU,cool,False,0,24.0,27.81332560804802,23.446513103185573,,11.067928466160927,9.402731643518415,,,,,,,,,,,,,235.73340902377473,893.3914281804404,54.52925984203722
2026-01-08 13:15:00,SYS-1,IU-1,IU,cool,False,0,24.0,27.040508932247835,23.9631921406187,,10.79642105254015,8.951060040169512,,,,,,,,,,,,,241.18292934167746,872.4422845002113,58.743511494206516
2026-01-08 13:30:00,SYS-1,IU-1,IU,cool,False,0,24.0,27.627007397060027,24.224614043180797,,11.80664809547346,8.573046242939112,,,,,,,,,,,,,223.3421011888584,866.6830092816522,44.237577265192506
2026-01-08 13:45:00,SYS-1,IU-1,IU,cool,False,0,24.0,27.11550361281783,23.564653364183027,,10.650266453341414,9.38343658164366,,,,,,,,,,,,,213.42166950834635,849.5339700478245,45.17971913892512
2026-01-08 14:00:00,SYS-1,IU-1,IU,cool,False,0,24.0,27.485688356300965,23.5544014609853,,11.538580851509906,9.509946233192183,,,,,,,,,,,,,212.75471298533574,885.444444697993,42.18662480051973
2026-01-08 14:15:00,SYS-1,IU-1,IU,cool,False,0,24.0,27.443975736601736,23.22923109384932,,11.010386964945509,9.588806316344435,,,,,,,,,,,,,189.60806445954665,833.813362688598,23.47708742879876
2026-01-08 14:30:00,SYS-1,IU-1,IU,cool,False,0,24.0,27.38422135936819,22.907791604987555,,11.223000803822892,8.809371397064204,,,,,,,,,,,,,212.69200394636724,836.2077681146004,32.746025528772186
2026-01-08 14:45:00,SYS-1,IU-1,IU,cool,False,0,24.0,26.952137352668935,24.023973917065256,,11.553498466536942,9.203802281735976,,,,,,,,,,,,,201.0788500318591,782.7731754049752,38.562574222370145
2026-01-08 15:00:00,SYS-1,IU-1,IU,cool,False,0,24.0,27.466078022459207,23.18223612147694,,10.930118208396632,8.06931592099789,,,,,,,,,,,,,214.14860119327193,802.534685743687,40.445342949135714
2026-01-08 15:15:00,SYS-1,IU-1,IU,cool,False,0,24.0,27.483899681481624,23.808438398979447,,10.884336332025839,8.580331069943433,,,,,,,,,,,,,189.06084032628362,795.0107792031471,33.28207927490399
2026-01-08 15:30:00,SYS-1,IU-1,IU,cool,False,0,24.0,27.27105282921449,22.960305341837387,,9.9543757569492,8.074599828004576,,,,,,,,,,,,,195.41160880264084,803.1743442575591,40.80456804781924
2026-01-08 15:45:00,SYS-1,IU-1,IU,cool,False,0,24.0,27.47632850124559,23.042008290749344,,9.989467934774778,8.423980192696472,,,,,,,,,,,,,184.97323656554278,806.1644164213141,40.59643852874771
2026-01-08 16:00:00,SYS-1,IU-1,IU,cool,False,0,24.0,27.73865222264089,23.790103472248738,,10.589922454085151,8.643306032490965,,,,,,,,,,,,,181.57565963049475,780.0560541140391,31.248768432410326
2026-01-08 16:15:00,SYS-1,IU-1,IU,cool,False,0,24.0,27.315601449604028,22.556352454849456,,10.973384929615623,8.741117601949803,,,,,,,,,,,,,206.1973366603847,825.9857197563487,39.66736102546359
2026-01-08 16:30:00,SYS-1,IU-1,IU,cool,False,0,24.0,27.556769149999823,22.732084384345413,,10.848291971251156,7.657287827092982,,,,,,,,,,,,,187.09405970089279,766.7930188258391,40.63290318535116
2026-01-08 16:45:00,SYS-1,IU-1,IU,cool,False,0,24.0,27.209006352037495,22.910951074555843,,11.264472462831876,8.739883340553527,,,,,,,,,,,,,199.33652010658471,776.329708626827,33.621711427947595
2026-01-08 17:00:00,SYS-1,IU-1,IU,cool,False,0,24.0,27.587719019203877,22.84020047694083,,10.223593733740392,7.8309552307676995,,,,,,,,,,,,,174.7340923750327,787.8328974222792,25.91976594339683
2026-01-08 17:15:00,SYS-1,IU-1,IU,cool,False,0,24.0,27.651345509904754,22.993309492854316,,10.139821318172224,7.525563045327376,,,,,,,,,,,,,192.07556965376207,756.249944439971,37.800854209796825
2026-01-08 17:30:00,SYS-1,IU-1,IU,cool,False,0,24.0,28.10615416122198,23.066695533650485,,10.52021120449997,7.931808165902689,,,,,,,,,,,,,164.6333353110459,791.4206345655916,29.375485096256266
2026-01-08 17:45:00,SYS-1,IU-1,IU,cool,False,0,24.0,27.71706743824499,23.629089233630566,,10.013739006658234,7.273005789021406,,,,,,,,,,,,,182.39841900469912,791.8960275183734,28.1483500706066
2026-01-08 18:00:00,SYS-1,IU-1,IU,cool,False,0,24.0,27.600390438668065,23.113726988058982,,9.968765818589379,8.002289098361953,,,,,,,,,,,,,181.89253821093422,773.1234691384772,30.567319429483934
2026-01-08 18:15:00,SYS-1,IU-1,IU,cool,False,0,24.0,27.841427100005472,22.78313036788738,,9.480599702541461,8.14913422316499,,,,,,,,,,,,,198.2876754726742,817.4346176899733,27.35251698457827
2026-01-08 18:30:00,SYS-1,IU-1,IU,cool,False,0,24.0,27.24805731349403,23.211116626211936,,10.512720348793094,7.91692523541249,,,,,,,,,,,,,192.62187025279258,781.6385522745517,35.566031056233015
2026-01-08 18:45:00,SYS-1,IU-1,IU,cool,False,0,24.0,27.758220817739026,23.248095673647313,,9.50243055349508,8.306511784474052,,,,,,,,,,,,,187.92755885778092,786.9068190532803,34.35898811153697
2026-01-08 19:00:00,SYS-1,IU-1,IU,cool,False,0,24.0,27.359134326709395,23.13237539486755,,10.32427839332615,7.910807819748163,,,,,,,,,,,,,203.9966096348533,763.849127392803,36.941433415793114
2026-01-08 19:15:00,SYS-1,IU-1,IU,cool,False,0,24.0,27.340851890748944,22.88620028963058,,9.396552619531672,8.10816525529282,,,,,,,,,,,,,195.43394684925033,751.8362825580148,34.228539920660054
2026-01-08 19:30:00,SYS-1,IU-1,IU,cool,False,0,24.0,27.764094954624873,23.384674805760532,,10.70040924151116,7.431908850850916,,,,,,,,,,,,,202.0059878602749,775.4814688204093,27.92968299880956
2026-01-08 19:45:00,SYS-1,IU-1,IU,cool,False,0,24.0,27.551565374475533,23.19842065069014,,9.691850605300804,8.22759060062627,,,,,,,,,,,,,207.04810920749708,784.9167046068123,31.78001756922582
2026-01-08 20:00:00,SYS-1,IU-1,IU,cool,False,0,24.0,27.820957727276518,23.261460296964923,,10.689690281882838,7.842430988867489,,,,,,,,,,,,,196.40505376591977,785.9390286990404,37.72626323782899
2026-01-08 20:15:00,SYS-1,IU-1,IU,cool,False,0,24.0,27.136558889043926,22.736369140467158,,9.542393041002818,8.112171474003466,,,,,,,,,,,,,195.06731754636675,814.5839046424388,32.17855172766392
2026-01-08 20:30:00,SYS-1,IU-1,IU,cool,False,0,24.0,27.561228125793185,22.831231045848682,,10.193385298365623,8.366453788654052,,,,,,,,,,,,,206.6526983842945,756.0160081530693,49.766031396185255
2026-01-08 20:45:00,SYS-1,IU-1,IU,cool,False,0,24.0,27.36447355520422,23.387507456723014,,11.085493086694024,8.591809201318242,,,,,,,,,,,,,197.9863974509735,786.0623463455736,34.99249367329051
2026-01-08 21:00:00,SYS-1,IU-1,IU,cool,False,0,24.0,27.427538126557437,23.721683126971996,,10.183113627820156,7.762453623032994,,,,,,,,,,,,,212.7243361920766,777.5750680671833,34.39038367147708
2026-01-08 21:15:00,SYS-1,IU-1,IU,cool,False,0,24.0,27.024143236191577,24.104608542111066,,10.71490387525756,7.89959526585276,,,,,,,,,,,,,226.38046368865363,846.705745848811,44.260868330712825
2026-01-08 21:30:00,SYS-1,IU-1,IU,cool,False,0,24.0,27.725345097627308,22.980498175927707,,10.543261643872194,8.63148961585846,,,,,,,,,,,,,225.611084510524,814.6176177721405,43.519652983326736
2026-01-08 21:45:00,SYS-1,IU-1,IU,cool,False,0,24.0,27.54622133635198,23.51661089211407,,9.73414438561434,9.126052503268818,,,,,,,,,,,,,210.2789400611791,822.0058174422401,40.971115581472624
2026-01-08 22:00:00,SYS-1,IU-1,IU,cool,False,0,24.0,27.25160336851194,24.252320844774708,,11.154029539433951,9.180120708788133,,,,,,,,,,,,,200.07325891272103,816.9291746691965,41.3487790005096
2026-01-08 22:15:00,SYS-1,IU-1,IU,cool,False,0,24.0,27.162878889640055,23.78258766841626,,11.331551869341915,9.561812837178358,,,,,,,,,,,,,221.94848791475744,863.9055096363255,46.07529828069959
2026-01-08 22:30:00,SYS-1,IU-1,IU,cool,False,0,24.0,27.280491397926713,23.162657802896476,,10.680747013977703,9.885171367678621,,,,,,,,,,,,,224.47564384494507,844.8178690413856,49.61057845589673
2026-01-08 22:45:00,SYS-1,IU-1,IU,cool,False,0,24.0,27.838982595631787,23.624083933832843,,11.64396421773846,9.605337733316025,,,,,,,,,,,,,246.59524137575008,864.8517710001946,50.77758329590586
2026-01-08 23:00:00,SYS-1,IU-1,IU,cool,False,0,24.0,27.47019995872796,23.75843941736585,,11.084514357782286,9.472430774840332,,,,,,,,,,,,,228.05026333112704,827.2068830365528,47.02121199997836
2026-01-08 23:15:00,SYS-1,IU-1,IU,cool,False,0,24.0,27.412827652440956,23.48968006383605,,11.10812092031435,9.094090455063824,,,,,,,,,,,,,234.47355516414345,899.0161242089962,52.282308041838995
2026-01-08 23:30:00,SYS-1,IU-1,IU,cool,False,0,24.0,27.61651939643532,23.915847785683997,,11.742374390601034,9.265913725771155,,,,,,,,,,,,,252.4884018950406,891.2267854531289,55.95660431955798
2026-01-08 23:45:00,SYS-1,IU-1,IU,cool,False,0,24.0,27.49814618590333,24.17977802171466,,11.528486269500338,9.635608505752284,,,,,,,,,,,,,238.2306231186196,902.1880460364432,57.18977278616587
2026-01-06 00:00:00,SYS-1,IU-2,IU,cool,False,0,24.0,23.07409907370149,23.285853295588748,,12.046598926505684,10.0,,,,,,,,,,,,,263.74577311809213,863.9450470015151,58.001025894758506
2026-01-06 00:15:00,SYS-1,IU-2,IU,cool,False,0,24.0,23.798324079706326,23.525853639338294,,11.673428189868215,10.0,,,,,,,,,,,,,249.0146704000071,909.2148432292047,57.18272188225513
2026-01-06 00:30:00,SYS-1,IU-2,IU,cool,False,0,24.0,23.897766554701317,24.247902374509202,,12.040449752105017,10.0,,,,,,,,,,,,,271.0766411416248,910.7683927554577,48.42400433896127
2026-01-06 00:45:00,SYS-1,IU-2,IU,cool,False,0,24.0,24.125992721900424,24.420817289545464,,12.477492551042003,10.0,,,,,,,,,,,,,282.1805774123203,950.9607163574591,54.3003074818002
2026-01-06 01:00:00,SYS-1,IU-2,IU,cool,False,0,24.0,24.312544979650433,24.237353668106213,,12.465270914191853,10.0,,,,,,,,,,,,,268.088098307422,975.1791609533798,62.290659688611186
2026-01-06 01:15:00,SYS-1,IU-2,IU,cool,False,0,24.0,24.597869784401965,24.50611948441223,,12.452218999035702,10.0,,,,,,,,,,,,,286.2815386251658,933.716138423666,66.31874393963896
2026-01-06 01:30:00,SYS-1,IU-2,IU,cool,False,0,24.0,24.567989013908832,24.554188185596736,,13.841924907516175,10.0,,,,,,,,,,,,,278.7210470929734,965.225176165308,59.42047790267872
2026-01-06 01:45:00,SYS-1,IU-2,IU,cool,False,0,24.0,24.404202894062973,24.60121397626515,,12.888808265824082,10.0,,,,,,,,,,,,,251.6595932579401,972.7651292499788,62.964682020360385
2026-01-06 02:00:00,SYS-1,IU-2,IU,cool,False,0,24.0,24.506942691105458,24.43102806185884,,12.515019932679946,10.0,,,,,,,,,,,,,274.0576749365658,948.4680042691388,69.7590903044566
2026-01-06 02:15:00,SYS-1,IU-2,IU,cool,False,0,24.0,25.083306218166403,24.86267179588565,,13.574940982590897,10.0,,,,,,,,,,,,,278.3308716051669,948.2975220594498,59.37766527074128
2026-01-06 02:30:00,SYS-1,IU-2,IU,cool,False,0,24.0,24.424932269807957,24.494203034234484,,13.627853695432304,10.0,,,,,,,,,,,,,295.61514967942617,1003.9948181101631,60.52558780977731
2026-01-06 02:45:00,SYS-1,IU-2,IU,cool,False,0,24.0,24.7506925738142,24.338141261047255,,13.930153708524623,10.0,,,,,,,,,,,,,277.7591623447046,970.7340967878737,70.28106049416512
2026-01-06 03:00:00,SYS-1,IU-2,IU,cool,False,0,24.0,25.17675652215899,25.205336597577304,,14.3078427399216,10.0,,,,,,,,,,,,,286.99348803990364,983.2240828426587,73.8606019834604
2026-01-06 03:15:00,SYS-1,IU-2,IU,cool,False,0,24.0,24.855617067717098,25.087777310075616,,13.034011484874824,10.0,,,,,,,,,,,,,281.8252723525422,983.3084592692157,71.36213205126235
2026-01-06 03:30:00,SYS-1,IU-2,IU,cool,False,0,24.0,24.180298601432224,24.24170534247246,,14.116467585440299,10.0,,,,,,,,,,,,,298.1724778825494,991.432168882254,63.42181168440923
2026-01-06 03:45:00,SYS-1,IU-2,IU,cool,False,0,24.0,24.943947903146377,25.100251199221226,,14.232738931582734,10.0,,,,,,,,,,,,,302.0849097976848,986.6341915586147,75.83756864327647
2026-01-06 04:00:00,SYS-1,IU-2,IU,cool,False,0,24.0,24.749818833543706,24.84875343201926,,13.732232956167596,10.0,,,,,,,,,,,,,317.73222619171975,1017.7047120081816,70.01463534533151
2026-01-06 04:15:00,SYS-1,IU-2,IU,cool,False,0,24.0,24.862942383404754,25.00866949088675,,13.91632728770042,10.0,,,,,,,,,,,,,316.920027069095,1031.5032043021388,80.59374270154919
2026-01-06 04:30:00,SYS-1,IU-2,IU,cool,False,0,24.0,25.239183610426664,25.268323808091957,,12.346367908868169,10.0,,,,,,,,,,,,,309.0532294998894,1002.3173900573006,77.53434478597711
2026-01-06 04:45:00,SYS-1,IU-2,IU,cool,False,0,24.0,25.08779039805995,24.92196475596288,,13.606885513937494,10.0,,,,,,,,,,,,,311.586443825001,985.0399823829443,79.9185610504948
2026-01-06 05:00:00,SYS-1,IU-2,IU,cool,False,0,24.0,24.886713374736015,24.841844688368745,,14.82583328060344,10.0,,,,,,,,,,,,,310.74069568538556,1015.7980453529149,82.258982151029
2026-01-06 05:15:00,SYS-1,IU-2,IU,cool,False,0,24.0,25.248388136119893,25.233735771999125,,13.068148117117795,10.0,,,,,,,,,,,,,311.69024200677666,986.9668225603173,76.8519746855508
2026-01-06 05:30:00,SYS-1,IU-2,IU,cool,False,0,24.0,25.1220283302777,25.373800595154826,,13.71504303052775,10.0,,,,,,,,,,,,,333.84127033010924,1005.1232528010214,83.81741652950734
2026-01-06 05:45:00,SYS-1,IU-2,IU,cool,False,0,24.0,25.02940122002169,25.35462979310208,,14.139685837772552,10.0,,,,,,,,,,,,,273.73318719399106,1043.1165636766987,86.03727178923717
2026-01-06 06:00:00,SYS-1,IU-2,IU,cool,False,0,24.0,25.090302390020216,25.174424772166045,,14.287781686146218,10.0,,,,,,,,,,,,,308.52052604819954,1065.0769858634496,81.90129197001444
2026-01-06 06:15:00,SYS-1,IU-2,IU,cool,False,0,24.0,25.0737933505721,24.923242673187996,,14.811489016651423,10.0,,,,,,,,,,,,,315.7178493723429,1026.1066553405954,86.46558407961471
2026-01-06 06:30:00,SYS-1,IU-2,IU,cool,False,0,24.0,24.889587610102478,24.743651189474235,,13.101477949750405,10.0,,,,,,,,,,,,,327.5901135547422,996.6506731921276,76.62391325357251
2026-01-06 06:45:00,SYS-1,IU-2,IU,cool,False,0,24.0,24.843055269549964,24.805554467055558,,13.982953745681145,10.0,,,,,,,,,,,,,293.58846831271353,1032.0985230394579,83.9919137114348
2026-01-06 07:00:00,SYS-1,IU-2,IU,cool,False,0,24.0,24.9734742406242,25.25123373998995,,14.361687646466146,10.0,,,,,,,,,,,,,314.3142061262804,970.0779163853405,80.41958998189837
2026-01-06 07:15:00,SYS-1,IU-2,IU,cool,False,0,24.0,24.66065685677649,24.72757160302387,,13.237035924957064,10.0,,,,,,,,,,,,,320.90068869697967,998.6843919352286,73.72996248886945
2026-01-06 07:30:00,SYS-1,IU-2,IU,cool,False,0,24.0,24.546214446281265,24.535147827655326,,13.827914440865195,10.0,,,,,,,,,,,,,299.9081668401284,1040.0633520485476,77.6492113986938
2026-01-06 07:45:00,SYS-1,IU-2,IU,cool,False,0,24.0,25.287146033721715,25.13414353418374,,14.736143506245945,10.0,,,,,,,,,,,,,276.3365160878015,1021.3333863046345,74.73895812296247
2026-01-06 08:00:00,SYS-1,IU-2,IU,cool,False,0,24.0,24.794117620387812,24.970593422396927,,14.390304021942894,10.0,,,,,,,,,,,,,297.72050730592827,975.328155394266,73.85763153685822
2026-01-06 08:15:00,SYS-1,IU-2,IU,cool,False,0,24.0,24.82426894865458,24.88214325018485,,13.932688380189788,10.0,,,,,,,,,,,,,283.03253356335654,965.5510422547529,76.15704930628041
2026-01-06 08:30:00,SYS-1,IU-2,IU,cool,False,0,24.0,24.75284013406668,24.742684575683942,,12.279666377103169,10.0,,,,,,,,,,,,,308.5220265950147,1011.1013416316797,80.03068605492783
2026-01-06 08:45:00,SYS-1,IU-2,IU,cool,False,0,24.0,24.75886152009607,24.77954626340102,,13.43851241381444,10.0,,,,,,,,,,,,,283.5040953824764,988.1522597677356,72.16591918805935
2026-01-06 09:00:00,SYS-1,IU-2,IU,cool,False,0,24.0,24.71392006632654,25.05122326432887,,13.60742384527094,10.0,,,,,,,,,,,,,320.29152661822445,971.9183712692738,73.23702505877704
2026-01-06 09:15:00,SYS-1,IU-2,IU,cool,False,0,24.0,24.678883289113887,24.64680775652893,,13.16445425690291,10.0,,,,,,,,,,,,,292.83999227077857,986.2075070103108,64.15939038474671
2026-01-06 09:30:00,SYS-1,IU-2,IU,cool,False,0,24.0,24.36727769807903,24.70496945893561,,13.184803286426686,10.0,,,,,,,,,,,,,275.60166365190867,960.5029634054882,70.68988372088806
2026-01-06 09:45:00,SYS-1,IU-2,IU,cool,False,0,24.0,24.83517718444004,25.083634183790934,,14.652852306909184,10.0,,,,,,,,,,,,,276.9221545386889,927.3015173156527,74.54281225549889
2026-01-06 10:00:00,SYS-1,IU-2,IU,cool,False,0,24.0,24.29237157451737,24.302839825872216,,12.892765740358252,10.0,,,,,,,,,,,,,264.7743443640961,974.9701392488612,71.45246936672349
2026-01-06 10:15:00,SYS-1,IU-2,IU,cool,False,0,24.0,24.752760244905357,24.929535011013,,12.399762332061483,10.0,,,,,,,,,,,,,283.53732534698383,939.0565541177887,68.34987949576362
2026-01-06 10:30:00,SYS-1,IU-2,IU,cool,False,0,24.0,23.807039102898116,23.782283305322483,,12.886800512204465,10.0,,,,,,,,,,,,,296.4857612640741,924.8370670579009,61.90338470756405
2026-01-06 10:45:00,SYS-1,IU-2,IU,cool,False,0,24.0,24.002981951857137,23.83730666084017,,12.485042231792955,10.0,,,,,,,,,,,,,267.21076896326974,910.9128074603957,58.1534739898167
2026-01-06 11:00:00,SYS-1,IU-2,IU,cool,False,0,24.0,24.55645618420145,24.502875804354805,,12.36276401355598,10.0,,,,,,,,,,,,,280.55892657048105,934.9117235011105,60.94921434971993
2026-01-06 11:15:00,SYS-1,IU-2,IU,cool,False,0,24.0,24.150645318537563,23.969198131280145,,12.346631402685052,10.0,,,,,,,,,,,,,248.72697787128794,906.2720785468147,53.196042263771126
2026-01-06 11:30:00,SYS-1,IU-2,IU,cool,False,0,24.0,23.92921989733959,24.03150964206127,,12.648072994323183,10.0,,,,,,,,,,,,,263.6094986255972,926.9650752664159,52.097706805186164
2026-01-06 11:45:00,SYS-1,IU-2,IU,cool,False,0,24.0,24.177955217547098,24.18090082095729,,12.249559057016194,10.0,,,,,,,,,,,,,289.6395666803974,901.4071715764894,61.24395938536317
2026-01-06 12:00:00,SYS-1,IU-2,IU,cool,False,0,24.0,23.686342312572314,23.79990833964911,,11.39927843572911,10.0,,,,,,,,,,,,,230.07258084833418,920.3866790924163,50.401755312376174
2026-01-06 12:15:00,SYS-1,IU-2,IU,cool,False,0,24.0,23.957658471028527,24.122995496777417,,11.80284132279497,10.0,,,,,,,,,,,,,265.71717573556396,883.3423092999922,62.19975408568787
2026-01-06 12:30:00,SYS-1,IU-2,IU,cool,False,0,24.0,23.204927907335904,22.580878946539602,,11.976171661710168,10.0,,,,,,,,,,,,,260.9302658386859,870.2063334018977,44.605503744425576
2026-01-06 12:45:00,SYS-1,IU-2,IU,cool,False,0,24.0,23.669201390831585,23.73150110140078,,11.375956632774086,10.0,,,,,,,,,,,,,211.25116568357817,836.276417882301,52.19556521779531
2026-01-06 13:00:00,SYS-1,IU-2,IU,cool,False,0,24.0,23.546227427677504,23.18589197513799,,12.05683380943688,10.0,,,,,,,,,,,,,214.1113660100502,845.9592043591946,42.67180577484946
2026-01-06 13:15:00,SYS-1,IU-2,IU,cool,False,0,24.0,23.84044536544161,23.873771600465336,,11.745685150023698,10.0,,,,,,,,,,,,,217.22736718304103,874.642081082861,47.77144798335786
2026-01-06 13:30:00,SYS-1,IU-2,IU,cool,False,0,24.0,23.88004795583362,23.704570106555,,10.739248944167068,10.0,,,,,,,,,,,,,242.7255512776664,913.7624242780087,40.22577403845549
2026-01-06 13:45:00,SYS-1,IU-2,IU,cool,False,0,24.0,23.301347012442086,23.322194563429054,,11.275319608724796,10.0,,,,,,,,,,,,,218.18427996277262,820.9004147181934,44.0878622916357
2026-01-06 14:00:00,SYS-1,IU-2,IU,cool,False,0,24.0,23.982673370849795,24.255763916435484,,11.99188741051098,10.0,,,,,,,,,,,,,218.6426782791856,818.2355913802428,41.66953792389274
2026-01-06 14:15:00,SYS-1,IU-2,IU,cool,False,0,24.0,23.26681977979959,22.925260041132795,,11.668950928056399,10.0,,,,,,,,,,,,,228.43022337994967,838.9411554400638,38.81822481960743
2026-01-06 14:30:00,SYS-1,IU-2,IU,cool,False,0,24.0,22.77446144802133,22.812592833513197,,10.754341148073715,10.0,,,,,,,,,,,,,216.39493555985243,835.3334343640455,42.258603454450736
2026-01-06 14:45:00,SYS-1,IU-2,IU,cool,False,0,24.0,22.626741622136688,22.611056483382583,,11.130114236321813,10.0,,,,,,,,,,,,,214.97597364587173,806.2933393634888,45.93157716417874
2026-01-06 15:00:00,SYS-1,IU-2,IU,cool,False,0,24.0,23.754581478721565,23.37613787697662,,10.248854834678259,10.0,,,,,,,,,,,,,203.903992115718,815.6025500104864,34.33743849758959
2026-01-06 15:15:00,SYS-1,IU-2,IU,cool,False,0,24.0,23.22189921751346,23.351495453260796,,9.772281743385303,10.0,,,,,,,,,,,,,222.89964180778017,776.6782772765074,40.526705630454266
2026-01-06 15:30:00,SYS-1,IU-2,IU,cool,False,0,24.0,23.0124481291512,23.019292453587965,,10.690453099575425,10.0,,,,,,,,,,,,,191.87654932080545,797.7615083209378,35.52783443021713
2026-01-06 15:45:00,SYS-1,IU-2,IU,cool,False,0,24.0,22.944160922163416,22.842413246493116,,10.460329410518652,10.0,,,,,,,,,,,,,226.38228086878055,817.0400170520019,34.007026701120765
2026-01-06 16:00:00,SYS-1,IU-2,IU,cool,False,0,24.0,22.80630965238813,22.66195356881183,,10.525024599981965,10.0,,,,,,,,,,,,,194.1110827792113,827.4896882460296,44.15156488890074
2026-01-06 16:15:00,SYS-1,IU-2,IU,cool,False,0,24.0,23.508797389880097,24.15130787939995,,10.19390493127968,10.0,,,,,,,,,,,,,185.3616584726511,787.9356851819829,21.77144084392218
2026-01-06 16:30:00,SYS-1,IU-2,IU,cool,False,0,24.0,23.050955552788764,22.97218188143956,,10.315226902826556,10.0,,,,,,,,,,,,,205.40472459208232,782.8721245456201,28.474173139736344
2026-01-06 16:45:00,SYS-1,IU-2,IU,cool,False,0,24.0,23.590132315568752,23.23006771284979,,9.84968243579617,10.0,,,,,,,,,,,,,201.08487073816391,794.2700263132555,22.302941844746613
2026-01-06 17:00:00,SYS-1,IU-2,IU,cool,False,0,24.0,22.97437336853024,22.788193692956376,,10.304777612969888,10.0,,,,,,,,,,,,,163.47332296208745,805.0164801785805,29.241746089779845
2026-01-06 17:15:00,SYS-1,IU-2,IU,cool,False,0,24.0,22.314126969545015,22.240804251721407,,10.454969757467678,10.0,,,,,,,,,,,,,195.60191049600888,790.9011441959059,29.28789289930783
2026-01-06 17:30:00,SYS-1,IU-2,IU,cool,False,0,24.0,23.261885321074608,23.185005857683777,,9.987905320730823,10.0,,,,,,,,,,,,,171.39126412175722,764.9890333563995,49.02976184823949
2026-01-06 17:45:00,SYS-1,IU-2,IU,cool,False,0,24.0,22.891682428909323,22.87591181303212,,10.411355058934118,10.0,,,,,,,,,,,,,178.81073614250414,786.25576223254,31.71135610932386
2026-01-06 18:00:00,SYS-1,IU-2,IU,cool,False,0,24.0,22.92887669612898,22.719480159295014,,9.114528741188494,10.0,,,,,,,,,,,,,202.9221006039418,798.1628519793138,38.83419828796534
2026-01-06 18:15:00,SYS-1,IU-2,IU,cool,False,0,24.0,23.472323087268457,23.580631213385107,,9.611170384896559,10.0,,,,,,,,,,,,,178.30961081711794,764.9803353257236,36.42642786070625
2026-01-06 18:30:00,SYS-1,IU-2,IU,cool,False,0,24.0,22.929538753037814,22.832783674855193,,10.739367183841813,10.0,,,,,,,,,,,,,196.9553315229006,753.3510219353532,27.97456348979051
2026-01-06 18:45:00,SYS-1,IU-2,IU,cool,False,0,24.0,23.367812691239276,23.09566765106898,,10.919265980881828,10.0,,,,,,,,,,,,,186.56505718822928,791.3486576505497,32.795696370438854
2026-01-06 19:00:00,SYS-1,IU-2,IU,cool,False,0,24.0,23.03257666976757,22.86945942743462,,10.193446604952474,10.0,,,,,,,,,,,,,222.14256824579178,790.2886308575075,39.06076994967968
2026-01-06 19:15:00,SYS-1,IU-2,IU,cool,False,0,24.0,22.827475493397213,22.75054216571509,,10.054462306480712,10.0,,,,,,,,,,,,,192.84071604544644,804.5164646365608,32.126887456918524
2026-01-06 19:30:00,SYS-1,IU-2,IU,cool,False,0,24.0,23.22831490008324,23.398039665709348,,9.518258389393642,10.0,,,,,,,,,,,,,178.03320874916136,789.8184899612087,32.87952406088784
2026-01-06 19:45:00,SYS-1,IU-2,IU,cool,False,0,24.0,22.92292252653469,23.019827387921165,,10.388042501830178,10.0,,,,,,,,,,,,,180.70251035708725,778.4761675049177,35.01042248190242
2026-01-06 20:00:00,SYS-1,IU-2,IU,cool,False,0,24.0,23.502463082141123,23.434859801760695,,10.657168462805911,10.0,,,,,,,,,,,,,185.5297091721146,786.307790196389,25.83975554852475
2026-01-06 20:15:00,SYS-1,IU-2,IU,cool,False,0,24.0,23.456496341756164,23.460435732574236,,9.596166237053366,10.0,,,,,,,,,,,,,203.09135660159413,778.6845146825973,30.131402951163295
2026-01-06 20:30:00,SYS-1,IU-2,IU,cool,False,0,24.0,23.225466831500754,23.268496679431347,,10.692742525610484,10.0,,,,,,,,,,,,,203.41431613332472,784.8951895342,36.77476907191356
2026-01-06 20:45:00,SYS-1,IU-2,IU,cool,False,0,24.0,23.431129305301504,23.838874370669995,,10.741653706648968,10.0,,,,,,,,,,,,,220.48095542140365,797.5520200600002,38.84760440522534
2026-01-06 21:00:00,SYS-1,IU-2,IU,cool,False,0,24.0,23.4622738841859,23.33874910953177,,10.806218863736918,10.0,,,,,,,,,,,,,211.1257960371412,804.4725159934566,32.71194779609676
2026-01-06 21:15:00,SYS-1,IU-2,IU,cool,False,0,24.0,23.25796902006269,23.351382815860685,,10.117544996426998,10.0,,,,,,,,,,,,,213.40558994027919,841.9961590702309,36.854723488691846
2026-01-06 21:30:00,SYS-1,IU-2,IU,cool,False,0,24.0,23.65978250228757,23.80505608748396,,11.053398859117832,10.0,,,,,,,,,,,,,219.36211862513434,801.4958841722498,39.11197945238722
2026-01-06 21:45:00,SYS-1,IU-2,IU,cool,False,0,24.0,23.376242291035158,23.185631414252786,,10.139889035846513,10.0,,,,,,,,,,,,,215.74519394134126,831.3398893123816,40.299501157559654
2026-01-06 22:00:00,SYS-1,IU-2,IU,cool,False,0,24.0,23.684861701675885,23.7227062205864,,11.744297908479142,10.0,,,,,,,,,,,,,225.39988801826996,827.2445942632788,45.873378023260486
2026-01-06 22:15:00,SYS-1,IU-2,IU,cool,False,0,24.0,23.272607662350396,23.305294261601546,,11.183014350508781,10.0,,,,,,,,,,,,,236.2182631930485,875.5001025042126,44.407355023972706
2026-01-06 22:30:00,SYS-1,IU-2,IU,cool,False,0,24.0,23.647925066934874,23.55396446651338,,10.65280724186575,10.0,,,,,,,,,,,,,239.7921749981173,858.2711337467224,46.19169682753314
2026-01-06 22:45:00,SYS-1,IU-2,IU,cool,False,0,24.0,23.803388260736888,23.916904760419193,,12.029714172465424,10.0,,,,,,,,,,,,,223.5339903810244,852.9834569728705,39.889659972477375
2026-01-06 23:00:00,SYS-1,IU-2,IU,cool,False,0,24.0,23.504644884214375,23.71034339660556,,12.05936713526145,10.0,,,,,,,,,,,,,208.94394322927647,884.139528484105,43.24484112469401
2026-01-06 23:15:00,SYS-1,IU-2,IU,cool,False,0,24.0,23.680611607937692,23.90665723731293,,11.284603631528677,10.0,,,,,,,,,,,,,227.15687223228844,876.9125031300804,51.650794919803424
2026-01-06 23:30:00,SYS-1,IU-2,IU,cool,False,0,24.0,23.710160460464426,23.671797609257617,,12.84099970032702,10.0,,,,,,,,,,,,,247.37439585858138,873.8712105586683,43.76896382270507
2026-01-06 23:45:00,SYS-1,IU-2,IU,cool,False,0,24.0,24.153791862221546,24.191767287743286,,11.367122458700798,10.0,,,,,,,,,,,,,209.71945591313371,921.6948034932647,54.63290447378912
2026-01-07 00:00:00,SYS-1,IU-2,IU,cool,False,0,24.0,23.784950044943265,24.25508215063366,,12.156709730598322,10.0,,,,,,,,,,,,,243.83142284853102,913.1533823260996,51.65481257649052
2026-01-07 00:15:00,SYS-1,IU-2,IU,cool,False,0,24.0,24.197923413732756,23.977195772358076,,12.722025079682151,10.0,,,,,,,,,,,,,261.62034828573275,941.269351947416,52.53907534510417
2026-01-07 00:30:00,SYS-1,IU-2,IU,cool,False,0,24.0,24.589158703420313,24.633532615433914,,11.125716396121526,10.0,,,,,,,,,,,,,250.32543660862555,937.70137487582,61.401855310719014
2026-01-07 00:45:00,SYS-1,IU-2,IU,cool,False,0,24.0,24.303430919596977,24.481425713340933,,12.89091213616111,10.0,,,,,,,,,,,,,245.87872757820116,937.8639769299191,56.4493265120011
2026-01-07 01:00:00,SYS-1,IU-2,IU,cool,False,0,24.0,23.776751258440914,23.806775439518574,,12.485279015918671,10.0,,,,,,,,,,,,,292.775478507759,932.7275097356058,57.14128996387007
2026-01-07 01:15:00,SYS-1,IU-2,IU,cool,False,0,24.0,24.36074328680781,24.49193742571583,,12.63502904680402,10.0,,,,,,,,,,,,,290.99097655561775,916.0490162068662,59.611338114915135
2026-01-07 01:30:00,SYS-1,IU-2,IU,cool,False,0,24.0,24.696663372589757,24.731200250572137,,12.226935940973929,10.0,,,,,,,,,,,,,270.01167997768994,959.0836062815874,64.77452528217714
2026-01-07 01:45:00,SYS-1,IU-2,IU,cool,False,0,24.0,24.358269856758387,24.509001133962727,,13.050339450160081,10.0,,,,,,,,,,,,,297.2957111923335,953.5777512722933,79.60371826642607
2026-01-07 02:00:00,SYS-1,IU-2,IU,cool,False,0,24.0,24.83471960283058,25.09123222117655,,12.445107846572311,10.0,,,,,,,,,,,,,300.3911069283901,972.5026664421068,56.908179379298744
2026-01-07 02:15:00,SYS-1,IU-2,IU,cool,False,0,24.0,24.74303517574675,24.698753311726673,,12.62691029762982,10.0,,,,,,,,,,,,,267.29305612689865,965.5815352652215,68.7085998679223
2026-01-07 02:30:00,SYS-1,IU-2,IU,cool,False,0,24.0,24.73722598541502,24.77672731981026,,12.99365425631839,10.0,,,,,,,,,,,,,327.6307280928986,958.4176556215606,68.9351179829126
2026-01-07 02:45:00,SYS-1,IU-2,IU,cool,False,0,24.0,24.583179543298023,24.57213492355799,,12.705025956939636,10.0,,,,,,,,,,,,,276.39948509243567,958.2031347278032,76.11870753537404
2026-01-07 03:00:00,SYS-1,IU-2,IU,cool,False,0,24.0,24.555724425376525,24.474998817266886,,14.20057926120003,10.0,,,,,,,,,,,,,289.3669803063571,997.8551125105187,70.75046052738648
2026-01-07 03:15:00,SYS-1,IU-2,IU,cool,False,0,24.0,24.67743322327491,24.67350657439138,,12.839320417950344,10.0,,,,,,,,,,,,,279.55766003710255,1015.0102482883849,61.44419709405996
2026-01-07 03:30:00,SYS-1,IU-2,IU,cool,False,0,24.0,24.814790287237606,24.588461062430117,,13.209321459198515,10.0,,,,,,,,,,,,,299.6381107051998,988.5841645802909,81.3182231989538
2026-01-07 03:45:00,SYS-1,IU-2,IU,cool,False,0,24.0,24.991042475520132,25.139946157639606,,13.50475811788088,10.0,,,,,,,,,,,,,281.0304689341703,1007.9222196443156,70.27920121804507
2026-01-07 04:00:00,SYS-1,IU-2,IU,cool,False,0,24.0,24.994947192766976,25.335437133956237,,13.73383612859453,10.0,,,,,,,,,,,,,302.71193468446506,1030.5459478776738,76.25375610343326
2026-01-07 04:15:00,SYS-1,IU-2,IU,cool,False,0,24.0,24.80947233234273,25.15037461093904,,14.189911178268307,10.0,,,,,,,,,,,,,320.8990015340802,990.1546726619824,70.52984046720812
2026-01-07 04:30:00,SYS-1,IU-2,IU,cool,False,0,24.0,24.946487833335347,25.201658655771386,,14.256910592345056,10.0,,,,,,,,,,,,,309.4779084770085,1003.2263034851802,72.5578591289687
2026-01-07 04:45:00,SYS-1,IU-2,IU,cool,False,0,24.0,25.06636659947354,24.873541589571904,,13.742430884387288,10.0,,,,,,,,,,,,,303.6861998781357,990.5108472015504,76.10367671155021
2026-01-07 05:00:00,SYS-1,IU-2,IU,cool,False,0,24.0,24.481710512717584,24.785664663601285,,13.739812349144408,10.0,,,,,,,,,,,,,331.96850674580395,1038.4813502596262,83.29826355913444
2026-01-07 05:15:00,SYS-1,IU-2,IU,cool,False,0,24.0,24.75367558038816,24.610593459230635,,13.979086121936247,10.0,,,,,,,,,,,,,296.22315548233445,1022.0478324177078,83.59581739372818
2026-01-07 05:30:00,SYS-1,IU-2,IU,cool,False,0,24.0,24.755215196611953,24.74460329018349,,14.393906295804035,10.0,,,,,,,,,,,,,324.82405908366104,1008.9423022891866,76.7064416051083
2026-01-07 05:45:00,SYS-1,IU-2,IU,cool,False,0,24.0,24.940247993060474,25.309482165954254,,14.344459519552192,10.0,,,,,,,,,,,,,306.14782876545274,985.9866841844988,82.32659974393775
2026-01-07 06:00:00,SYS-1,IU-2,IU,cool,False,0,24.0,24.92100335155275,24.70662148177953,,13.7418166681827,10.0,,,,,,,,,,,,,314.03857124157213,1015.5821404049868,78.03603374281036
2026-01-07 06:15:00,SYS-1,IU-2,IU,cool,False,0,24.0,24.924268014951956,25.092528283911896,,12.96611667027468,10.0,,,,,,,,,,,,,311.13712325730705,1038.7307663951083,80.38680440383116
2026-01-07 06:30:00,SYS-1,IU-2,IU,cool,False,0,24.0,24.733501486576877,24.7897554417317,,15.054416189712715,10.0,,,,,,,,,,,,,312.1931074709702,1012.2653905711611,80.4360839863419
2026-01-07 06:45:00,SYS-1,IU-2,IU,cool,False,0,24.0,25.18658765196341,25.156169087207513,,14.437288374934095,10.0,,,,,,,,,,,,,308.82727738601983,1008.4350836950296,82.47923403749205
2026-01-07 07:00:00,SYS-1,IU-2,IU,cool,False,0,24.0,25.053353444097066,24.87814525379038,,14.063509020866857,10.0,,,,,,,,,,,,,296.99568571180316,1027.8220875954635,75.97059514517574
2026-01-07 07:15:00,SYS-1,IU-2,IU,cool,False,0,24.0,24.45827463267307,24.54277536728135,,14.064081506112307,10.0,,,,,,,,,,,,,299.05024595613503,988.3183716309267,77.89364395610231
2026-01-07 07:30:00,SYS-1,IU-2,IU,cool,False,0,24.0,24.93213328577566,24.839374862482202,,13.586962612545888,10.0,,,,,,,,,,,,,312.8066373029566,1011.0902146872767,79.05371566899386
2026-01-07 07:45:00,SYS-1,IU-2,IU,cool,False,0,24.0,24.563315733514916,24.772366914177223,,13.293216545000906,10.0,,,,,,,,,,,,,302.93529671185115,1018.701006792167,77.74322733499875
2026-01-07 08:00:00,SYS-1,IU-2,IU,cool,False,0,24.0,25.3811309897242,25.625988903153285,,13.565810664799814,10.0,,,,,,,,,,,,,285.2501510752684,987.6358831198179,72.56222021825558
2026-01-07 08:15:00,SYS-1,IU-2,IU,cool,False,0,24.0,24.699270258065255,24.423408834906276,,13.551705938385053,10.0,,,,,,,,,,,,,290.031121149579,982.50514938897,84.20948663416372
2026-01-07 08:30:00,SYS-1,IU-2,IU,cool,False,0,24.0,24.67977216631109,24.578719574849483,,13.274082343142396,10.0,,,,,,,,,,,,,287.9219974983346,999.3312395304881,72.41241892938156
2026-01-07 08:45:00,SYS-1,IU-2,IU,cool,False,0,24.0,24.781630307707577,24.717814491889392,,12.775103903508487,10.0,,,,,,,,,,,,,294.9851390787174,987.4557269134903,77.4253612172798
2026-01-07 09:00:00,SYS-1,IU-2,IU,cool,False,0,24.0,24.651793469029464,24.41545110344402,,13.25792611352468,10.0,,,,,,,,,,,,,295.7896539149464,979.3813649272283,73.55613186324965
2026-01-07 09:15:00,SYS-1,IU-2,IU,cool,False,0,24.0,24.646592337294653,24.423011585687423,,13.606971048046253,10.0,,,,,,,,,,,,,291.60138331116184,982.4551156251109,77.4163072303007
2026-01-07 09:30:00,SYS-1,IU-2,IU,cool,False,0,24.0,25.07778204816094,25.095515890787997,,12.970075933448074,10.0,,,,,,,,,,,,,277.384372459747,976.6916534266363,59.23329728059531
2026-01-07 09:45:00,SYS-1,IU-2,IU,cool,False,0,24.0,24.6282604563381,24.586649351189568,,13.122126719188335,10.0,,,,,,,,,,,,,284.25297792633114,947.5122247134507,78.9403938964522
2026-01-07 10:00:00,SYS-1,IU-2,IU,cool,False,0,24.0,24.75542549246911,24.425055667337798,,11.96463416733306,10.0,,,,,,,,,,,,,260.1142669988912,945.9921165614815,66.30248260036312
2026-01-07 10:15:00,SYS-1,IU-2,IU,cool,False,0,24.0,24.78544540622958,24.677820337883897,,12.780764934940139,10.0,,,,,,,,,,,,,233.9157892536577,961.2225095687908,59.79936118337273
2026-01-07 10:30:00,SYS-1,IU-2,IU,cool,False,0,24.0,24.09532553842499,24.199106512957925,,12.704387668871803,10.0,,,,,,,,,,,,,272.7564616034777,967.4297189371194,65.06777133827423
2026-01-07 10:45:00,SYS-1,IU-2,IU,cool,False,0,24.0,24.83328540591953,24.59203546977174,,12.029834289766015,10.0,,,,,,,,,,,,,245.09007706824156,964.7038313876609,74.10785119851732
2026-01-07 11:00:00,SYS-1,IU-2,IU,cool,False,0,24.0,24.47041813375157,24.28569783216007,,11.652870651195157,10.0,,,,,,,,,,,,,251.9233792552827,913.4955915813359,63.84062050633167
2026-01-07 11:15:00,SYS-1,IU-2,IU,cool,False,0,24.0,24.487412708799134,24.804947560835622,,12.59609421606278,10.0,,,,,,,,,,,,,244.1996401642208,944.3899979837751,53.616271678219135
2026-01-07 11:30:00,SYS-1,IU-2,IU,cool,False,0,24.0,23.876737094187234,24.140180347043362,,11.856226223143183,10.0,,,,,,,,,,,,,267.8259570420194,929.9818640793055,55.8195859695041
2026-01-07 11:45:00,SYS-1,IU-2,IU,cool,False,0,24.0,24.315872985342647,23.991666506610024,,12.374988878877398,10.0,,,,,,,,,,,,,236.3269510341001,906.5168385366843,63.124494867899145
2026-01-07 12:00:00,SYS-1,IU-2,IU,cool,False,0,24.0,24.129333555316787,23.85913908683818,,11.789896243802659,10.0,,,,,,,,,,,,,254.6662071287782,908.965280770149,47.87992696669241
2026-01-07 12:15:00,SYS-1,IU-2,IU,cool,False,0,24.0,23.778804711532224,23.854255247251327,,12.180797453688545,10.0,,,,,,,,,,,,,239.25501168622856,907.8993763445203,52.32266984875748
2026-01-07 12:30:00,SYS-1,IU-2,IU,cool,False,0,24.0,24.55971694966329,24.321417010165572,,11.569549783856939,10.0,,,,,,,,,,,,,224.1194397692751,919.1003631418696,50.12697698774816
2026-01-07 12:45:00,SYS-1,IU-2,IU,cool,False,0,24.0,23.98037302619507,23.929816004895287,,10.856509995767153,10.0,,,,,,,,,,,,,215.1518793504154,854.9461467454446,60.740864927573405
2026-01-07 13:00:00,SYS-1,IU-2,IU,cool,False,0,24.0,23.674828548686655,23.58457183310023,,11.439128699763435,10.0,,,,,,,,,,,,,241.85205008789214,880.1685410230446,46.931035919322085
2026-01-07 13:15:00,SYS-1,IU-2,IU,cool,False,0,24.0,23.74226229579858,23.85429349114695,,11.192988930299459,10.0,,,,,,,,,,,,,236.94447423829416,857.9632056104903,53.3411957000524
2026-01-07 13:30:00,SYS-1,IU-2,IU,cool,False,0,24.0,23.895932050131883,23.390185785795328,,11.563318918706333,10.0,,,,,,,,,,,,,239.06957278700588,849.2858534844241,41.917399996515265
2026-01-07 13:45:00,SYS-1,IU-2,IU,cool,False,0,24.0,23.902371800667023,23.46187081982725,,10.890127432373918,10.0,,,,,,,,,,,,,251.33730103577096,868.9961897164695,39.801281311858034
2026-01-07 14:00:00,SYS-1,IU-2,IU,cool,False,0,24.0,23.680122766694947,23.434884346711936,,10.803464622136197,10.0,,,,,,,,,,,,,224.46781994057386,855.5548589851578,47.33845296996245
2026-01-07 14:15:00,SYS-1,IU-2,IU,cool,False,0,24.0,23.815266774129462,24.018042367806096,,11.318798733957186,10.0,,,,,,,,,,,,,221.2589018809112,812.5257765572103,44.05299647778155
2026-01-07 14:30:00,SYS-1,IU-2,IU,cool,False,0,24.0,23.837988102461352,23.80712173650079,,11.365632538924434,10.0,,,,,,,,,,,,,211.98205522980078,820.6630834408138,31.044554405869413
2026-01-07 14:45:00,SYS-1,IU-2,IU,cool,False,0,24.0,22.975968690290294,22.634324651044018,,11.061030382627449,10.0,,,,,,,,,,,,,212.368184877491,824.7265065830926,41.54276279992957
2026-01-07 15:00:00,SYS-1,IU-2,IU,cool,False,0,24.0,23.152970370028164,23.251568250422824,,11.104681474320007,10.0,,,,,,,,,,,,,202.65018835765372,786.4753805940652,40.36371041968655
2026-01-07 15:15:00,SYS-1,IU-2,IU,cool,False,0,24.0,22.97211152745229,23.113647530611566,,10.723423552739538,10.0,,,,,,,,,,,,,191.7915927064081,826.2497073007141,33.002150241171684
2026-01-07 15:30:00,SYS-1,IU-2,IU,cool,False,0,24.0,23.241670138862023,23.19249762232583,,10.79847029609607,10.0,,,,,,,,,,,,,232.60462672470885,802.6612152616422,36.10653098666334
2026-01-07 15:45:00,SYS-1,IU-2,IU,cool,False,0,24.0,23.607382248664152,23.541271900017563,,10.776188223007512,10.0,,,,,,,,,,,,,172.47141577929358,802.7967696615943,35.396222052719565
2026-01-07 16:00:00,SYS-1,IU-2,IU,cool,False,0,24.0,23.335829511628923,23.423356924302887,,10.469829138070423,10.0,,,,,,,,,,,,,202.11842977307631,802.0836955413666,30.779937680397968
2026-01-07 16:15:00,SYS-1,IU-2,IU,cool,False,0,24.0,22.795358090208666,23.037251577406412,,10.237720935046562,10.0,,,,,,,,,,,,,203.08600821628892,827.5435081807296,29.517773035104184
2026-01-07 16:30:00,SYS-1,IU-2,IU,cool,False,0,24.0,22.99398923323965,23.024476401800953,,10.223318673221831,10.0,,,,,,,,,,,,,197.06644856654387,789.2209135240649,28.413742953494694
2026-01-07 16:45:00,SYS-1,IU-2,IU,cool,False,0,24.0,23.367612169098408,23.474231506599086,,11.308566049717369,10.0,,,,,,,,,,,,,178.9908496378459,778.6564551665513,29.820841704982108
2026-01-07 17:00:00,SYS-1,IU-2,IU,cool,False,0,24.0,22.88062534672292,22.87097939990061,,10.074987362434895,10.0,,,,,,,,,,,,,189.3869705876454,817.9138644961159,24.092411859354655
2026-01-07 17:15:00,SYS-1,IU-2,IU,cool,False,0,24.0,22.9962030833255,22.91994599123141,,9.920025357469477,10.0,,,,,,,,,,,,,184.43433602778438,771.742405820927,30.11026727644715
2026-01-07 17:30:00,SYS-1,IU-2,IU,cool,False,0,24.0,23.105889836779966,22.92270414869599,,9.834980437102072,10.0,,,,,,,,,,,,,174.57962215464138,770.0056193071287,22.630955624307063
2026-01-07 17:45:00,SYS-1,IU-2,IU,cool,False,0,24.0,22.46169114853796,22.512951944506028,,9.987609835137464,10.0,,,,,,,,,,,,,189.59863699559847,752.162827647188,30.264909662099008
2026-01-07 18:00:00,SYS-1,IU-2,IU,cool,False,0,24.0,23.239877158656075,23.17983795345351,,10.122104342660977,10.0,,,,,,,,,,,,,184.03489511553173,800.7884164417476,29.41857692345381
2026-01-07 18:15:00,SYS-1,IU-2,IU,cool,False,0,24.0,23.110835573652928,23.062108470650344,,9.438716765641836,10.0,,,,,,,,,,,,,181.97809410295773,785.0288135903846,24.74897965796859
2026-01-07 18:30:00,SYS-1,IU-2,IU,cool,False,0,24.0,23.185112864308383,23.371056290794257,,9.026826170549416,10.0,,,,,,,,,,,,,200.87285178427152,789.7455063081146,34.284571084632645
2026-01-07 18:45:00,SYS-1,IU-2,IU,cool,False,0,24.0,22.731616879574737,22.82921711598251,,10.18605455535009,10.0,,,,,,,,,,,,,175.3627549672558,784.9848151853906,39.93286457434931
2026-01-07 19:00:00,SYS-1,IU-2,IU,cool,False,0,24.0,22.809676203825855,22.98369596900496,,9.265121772149863,10.0,,,,,,,,,,,,,198.72719942201388,780.8065290314529,37.267480425326795
2026-01-07 19:15:00,SYS-1,IU-2,IU,cool,False,0,24.0,22.8800199033521,22.564889993567018,,10.235499090729357,10.0,,,,,,,,,,,,,184.09074586476854,770.2226766214275,24.379774372649976
2026-01-07 19:30:00,SYS-1,IU-2,IU,cool,False,0,24.0,23.15728995265033,23.26896623841813,,10.222550998620614,10.0,,,,,,,,,,,,,201.0222503010828,773.0820244613933,38.06073861175659
2026-01-07 19:45:00,SYS-1,IU-2,IU,cool,False,0,24.0,23.130231494910177,23.012257998715864,,10.782707866704698,10.0,,,,,,,,,,,,,197.26490285749426,800.3301374947299,33.49849120821165
2026-01-07 20:00:00,SYS-1,IU-2,IU,cool,False,0,24.0,23.178319547080246,23.01667074869234,,11.103047557663201,10.0,,,,,,,,,,,,,201.67370551784208,797.9355134200497,32.921822955403044
2026-01-07 20:15:00,SYS-1,IU-2,IU,cool,False,0,24.0,23.712045467125737,23.541615405397593,,10.520896805997815,10.0,,,,,,,,,,,,,185.43830173326722,831.9269417971221,31.09104861845366
2026-01-07 20:30:00,SYS-1,IU-2,IU,cool,False,0,24.0,23.604291182584916,23.846570387180336,,10.136321081931184,10.0,,,,,,,,,,,,,190.77999272299257,789.1714380312831,34.96582469574736
2026-01-07 20:45:00,SYS-1,IU-2,IU,cool,False,0,24.0,23.038453735054944,23.204026512621972,,9.908925794029424,10.0,,,,,,,,,,,,,192.04468536217001,799.557457786295,42.92995857526838
2026-01-07 21:00:00,SYS-1,IU-2,IU,cool,False,0,24.0,23.102842512755352,22.95946254479789,,10.189903083125659,10.0,,,,,,,,,,,,,210.15302633248638,794.3717233463655,39.85659031836816
2026-01-07 21:15:00,SYS-1,IU-2,IU,cool,False,0,24.0,23.861372409231183,23.63385775475153,,10.70129707868191,10.0,,,,,,,,,,,,,221.59684086677794,847.5776019258234,36.29329833712167
2026-01-07 21:30:00,SYS-1,IU-2,IU,cool,False,0,24.0,23.302147127120726,23.30489306660819,,9.747798878554137,10.0,,,,,,,,,,,,,229.5977729361092,801.9811770199814,36.28811533251091
2026-01-07 21:45:00,SYS-1,IU-2,IU,cool,False,0,24.0,23.864081403307484,23.7721670296481,,10.926482153618142,10.0,,,,,,,,,,,,,209.10851019884663,848.0293670715438,38.876665469034755
2026-01-07 22:00:00,SYS-1,IU-2,IU,cool,False,0,24.0,23.98558658071632,24.31749898508145,,10.993971612878823,10.0,,,,,,,,,,,,,221.20806630327715,867.8883421894119,45.24189472762179
2026-01-07 22:15:00,SYS-1,IU-2,IU,cool,False,0,24.0,23.40100660471812,23.108750431118928,,11.437644388284221,10.0,,,,,,,,,,,,,199.1588764032429,843.5871373327172,53.036205626423566
2026-01-07 22:30:00,SYS-1,IU-2,IU,cool,False,0,24.0,23.54247060410821,23.176499768710578,,11.067324599500969,10.0,,,,,,,,,,,,,193.7395834416736,867.8582709310717,40.01488064542245
2026-01-07 22:45:00,SYS-1,IU-2,IU,cool,False,0,24.0,23.709409886673786,23.658258820997048,,11.408145018565598,10.0,,,,,,,,,,,,,217.6476363060063,818.7832859840632,46.78422443781221
2026-01-07 23:00:00,SYS-1,IU-2,IU,cool,False,0,24.0,23.488052542557554,23.49020003666217,,11.114296055212979,10.0,,,,,,,,,,,,,224.39462191284574,860.7387165861334,46.448573639628684
2026-01-07 23:15:00,SYS-1,IU-2,IU,cool,False,0,24.0,23.517550658609323,23.544074218982104,,11.377804388869448,10.0,,,,,,,,,,,,,214.92383571117466,843.2311507983364,46.216620684008376
2026-01-07 23:30:00,SYS-1,IU-2,IU,cool,False,0,24.0,23.755115978392126,23.905800534371373,,10.852330442466133,10.0,,,,,,,,,,,,,215.41494677432067,887.1864959845022,53.54092072423938
2026-01-07 23:45:00,SYS-1,IU-2,IU,cool,False,0,24.0,24.19640614713779,24.61107327526106,,11.931013657820703,10.0,,,,,,,,,,,,,253.9253787077861,891.7821329211018,55.92895749084351
2026-01-08 00:00:00,SYS-1,IU-2,IU,cool,False,0,24.0,23.87163209566332,23.803163555789595,,12.774370500412504,10.0,,,,,,,,,,,,,237.82287788761766,884.2453530066316,47.79822173209556
2026-01-08 00:15:00,SYS-1,IU-2,IU,cool,False,0,24.0,24.00950640391567,23.900632564294746,,12.212123954638697,10.0,,,,,,,,,,,,,228.60148139068892,925.9898790841348,51.327102923695456
2026-01-08 00:30:00,SYS-1,IU-2,IU,cool,False,0,24.0,23.996954014841474,23.645106437232617,,12.443970215985654,10.0,,,,,,,,,,,,,292.4050027588263,922.1542826293119,64.01701704708562
2026-01-08 00:45:00,SYS-1,IU-2,IU,cool,False,0,24.0,23.791639097327558,23.840320222209662,,11.899365432791877,10.0,,,,,,,,,,,,,264.0896280981803,912.5255261813218,61.279721178649375
2026-01-08 01:00:00,SYS-1,IU-2,IU,cool,False,0,24.0,24.71013178795918,24.88081348515311,,13.233285273027839,10.0,,,,,,,,,,,,,260.56607042178314,920.3846559161508,63.88647100216817
2026-01-08 01:15:00,SYS-1,IU-2,IU,cool,False,0,24.0,23.624768923052564,23.572681427147977,,12.259372603565083,10.0,,,,,,,,,,,,,279.20705196720473,908.9695665255424,60.37897813021764
2026-01-08 01:30:00,SYS-1,IU-2,IU,cool,False,0,24.0,24.192461463191712,24.428584470080803,,13.16625385671267,10.0,,,,,,,,,,,,,261.35948088778173,941.7234062968416,62.51024584937389
2026-01-08 01:45:00,SYS-1,IU-2,IU,cool,False,0,24.0,24.615906352619405,24.62196433189599,,12.938245033941337,10.0,,,,,,,,,,,,,300.0455153580421,994.4520820402257,68.16027446878157
2026-01-08 02:00:00,SYS-1,IU-2,IU,cool,False,0,24.0,24.087247174431624,24.390217798595266,,12.520444464582313,10.0,,,,,,,,,,,,,256.71181137125245,945.4221917011752,64.86445222508355
2026-01-08 02:15:00,SYS-1,IU-2,IU,cool,False,0,24.0,24.74299381004166,24.8096205281484,,13.624731212197274,10.0,,,,,,,,,,,,,263.50734191267446,974.4659683537359,63.21715897838623
2026-01-08 02:30:00,SYS-1,IU-2,IU,cool,False,0,24.0,24.990459651902853,24.77902752002981,,13.22521253570477,10.0,,,,,,,,,,,,,284.18160678550254,961.6856622127153,70.04894646597118
2026-01-08 02:45:00,SYS-1,IU-2,IU,cool,False,0,24.0,24.40742077032424,24.28005667874211,,13.40805264449722,10.0,,,,,,,,,,,,,277.81092807459424,994.4922694214573,75.79828530557776
2026-01-08 03:00:00,SYS-1,IU-2,IU,cool,False,0,24.0,24.77566006622964,24.468910831022942,,13.64028379620077,10.0,,,,,,,,,,,,,313.2064616718488,993.0354105489187,67.3993578673687
2026-01-08 03:15:00,SYS-1,IU-2,IU,cool,False,0,24.0,24.424643642019262,24.07723108426235,,13.492926199412677,10.0,,,,,,,,,,,,,270.8033074813611,985.0964822441008,78.86282686143252
2026-01-08 03:30:00,SYS-1,IU-2,IU,cool,False,0,24.0,24.951368532525912,25.004751514741827,,13.397349752379522,10.0,,,,,,,,,,,,,286.32164666318465,959.4370222773083,78.13995032115994
2026-01-08 03:45:00,SYS-1,IU-2,IU,cool,False,0,24.0,24.863872105100928,25.037791700000074,,13.896025690733765,10.0,,,,,,,,,,,,,303.0877367420955,989.1071047410676,71.33958950075561
2026-01-08 04:00:00,SYS-1,IU-2,IU,cool,False,0,24.0,24.936558433903787,25.32741080051944,,13.529672178038318,10.0,,,,,,,,,,,,,309.9995343782037,1027.1390045823114,76.51591066192157
2026-01-08 04:15:00,SYS-1,IU-2,IU,cool,False,0,24.0,25.31258099168764,25.301546229367986,,13.826421221864575,10.0,,,,,,,,,,,,,318.4123966637627,1002.2951905073014,77.04354175332631
2026-01-08 04:30:00,SYS-1,IU-2,IU,cool,False,0,24.0,25.071077698861117,25.023705865840498,,13.5139169333389,10.0,,,,,,,,,,,,,310.1655976054418,1022.7952206886852,81.06490237917707
2026-01-08 04:45:00,SYS-1,IU-2,IU,cool,False,0,24.0,25.35655585795476,25.13474846697711,,13.14881272973237,10.0,,,,,,,,,,,,,339.3559316805217,1003.6302234421576,81.80328793196274
2026-01-08 05:00:00,SYS-1,IU-2,IU,cool,False,0,24.0,25.162000395349946,25.359462903550956,,13.595264869247774,10.0,,,,,,,,,,,,,300.43828271276914,978.5146124492269,72.5252380898473
2026-01-08 05:15:00,SYS-1,IU-2,IU,cool,False,0,24.0,24.626718966990662,24.704554307213236,,13.71399964285638,10.0,,,,,,,,,,,,,311.0307010412902,1025.6222026437526,72.67261683623444
2026-01-08 05:30:00,SYS-1,IU-2,IU,cool,False,0,24.0,25.075687009768494,24.956660870182297,,13.99029343532657,10.0,,,,,,,,,,,,,321.83990946898314,1024.8013056982554,84.71324150019348
2026-01-08 05:45:00,SYS-1,IU-2,IU,cool,False,0,24.0,25.150524092864135,25.288230268387085,,14.587918496320997,10.0,,,,,,,,,,,,,304.68048049254423,1007.8101363901657,80.33599006899468
2026-01-08 06:00:00,SYS-1,IU-2,IU,cool,False,0,24.0,24.572130693826615,24.68440047184406,,13.15526492630751,10.0,,,,,,,,,,,,,305.14027819555906,1012.1785813100034,81.89541752286615
2026-01-08 06:15:00,SYS-1,IU-2,IU,cool,False,0,24.0,25.403724871035315,25.029734509277297,,14.060015072377983,10.0,,,,,,,,,,,,,302.44047675909854,1024.9792159982796,81.42935856295534
2026-01-08 06:30:00,SYS-1,IU-2,IU,cool,False,0,24.0,25.01766258531126,25.16620136288961,,12.876926737874921,10.0,,,,,,,,,,,,,299.3569962855793,1006.7668955738853,87.19925484364084
2026-01-08 06:45:00,SYS-1,IU-2,IU,cool,False,0,24.0,25.097015620411337,25.124237511619192,,13.438638873383429,10.0,,,,,,,,,,,,,291.45414153016713,1024.0432947952268,73.3739967514991
2026-01-08 07:00:00,SYS-1,IU-2,IU,cool,False,0,24.0,24.702776829107588,24.624481556761822,,13.678318345062372,10.0,,,,,,,,,,,,,299.1351816083032,1011.3993440699383,84.37160156105693
2026-01-08 07:15:00,SYS-1,IU-2,IU,cool,False,0,24.0,24.974503962615657,24.891087913644377,,12.767324407890504,10.0,,,,,,,,,,,,,283.1190700143891,966.5433147796862,74.45024055738143
2026-01-08 07:30:00,SYS-1,IU-2,IU,cool,False,0,24.0,25.019632754148713,25.369313214717078,,12.918899132320423,10.0,,,,,,,,,,,,,310.56014527105606,1007.5319302660682,81.52856258607838
2026-01-08 07:45:00,SYS-1,IU-2,IU,cool,False,0,24.0,24.80479050595336,25.11198304948416,,13.870766791236475,10.0,,,,,,,,,,,,,279.4458896134478,995.3420283257745,83.88830373230641
2026-01-08 08:00:00,SYS-1,IU-2,IU,cool,False,0,24.0,24.89600818346087,25.26119656930603,,13.770930429322048,10.0,,,,,,,,,,,,,332.24992821456027,986.899497220691,69.63664073636913
2026-01-08 08:15:00,SYS-1,IU-2,IU,cool,False,0,24.0,24.201375365915787,23.971642119142583,,13.606044907448874,10.0,,,,,,,,,,,,,324.7120420972801,1007.2552430447191,77.61043923708723
2026-01-08 08:30:00,SYS-1,IU-2,IU,cool,False,0,24.0,25.207715521702436,25.076816566926496,,13.184844554717696,10.0,,,,,,,,,,,,,313.52191658265946,985.0711620806509,73.29130370361457
2026-01-08 08:45:00,SYS-1,IU-2,IU,cool,False,0,24.0,24.423330149649587,24.6044271186889,,14.580864780101845,10.0,,,,,,,,,,,,,291.34344185898976,1000.4187724600796,72.1882180031306
2026-01-08 09:00:00,SYS-1,IU-2,IU,cool,False,0,24.0,24.05816451769735,23.81647101150737,,13.333590323337397,10.0,,,,,,,,,,,,,283.0323126606964,1005.9980096510228,72.71834360628624
2026-01-08 09:15:00,SYS-1,IU-2,IU,cool,False,0,24.0,24.37694057397049,24.232900007461804,,12.887636197298413,10.0,,,,,,,,,,,,,307.2301221883197,981.4851175227866,66.11017094853007
2026-01-08 09:30:00,SYS-1,IU-2,IU,cool,False,0,24.0,24.363987354774633,24.003135923955988,,14.056722106093014,10.0,,,,,,,,,,,,,288.5932125469532,941.9861967667927,65.28183997448596
2026-01-08 09:45:00,SYS-1,IU-2,IU,cool,False,0,24.0,24.724348317031676,25.094966685190727,,13.4182952526807,10.0,,,,,,,,,,,,,291.0506127309249,951.7474203290849,71.97181108784547
2026-01-08 10:00:00,SYS-1,IU-2,IU,cool,False,0,24.0,24.231504375799556,24.444041426456845,,12.814529687565201,10.0,,,,,,,,,,,,,268.5855638839137,977.589120487645,71.51005822388501
2026-01-08 10:15:00,SYS-1,IU-2,IU,cool,False,0,24.0,24.533185864202764,24.624888495678636,,13.480918918742365,10.0,,,,,,,,,,,,,291.8094555135592,947.5088567583925,63.07898917380054
2026-01-08 10:30:00,SYS-1,IU-2,IU,cool,False,0,24.0,24.100421670040433,24.144265960810593,,12.843700507487194,10.0,,,,,,,,,,,,,260.33841431375157,929.5205830280081,57.19935014964078
2026-01-08 10:45:00,SYS-1,IU-2,IU,cool,False,0,24.0,24.989116090297177,24.90568981874237,,12.9644474597969,10.0,,,,,,,,,,,,,270.2048770220907,936.343922536486,74.31845577372455
2026-01-08 11:00:00,SYS-1,IU-2,IU,cool,False,0,24.0,24.42795312631986,24.348377616681496,,12.63504027330107,10.0,,,,,,,,,,,,,238.98267354637676,940.5640646894726,66.73576359580298
2026-01-08 11:15:00,SYS-1,IU-2,IU,cool,False,0,24.0,24.787466560098736,24.910603800075982,,11.87596797231779,10.0,,,,,,,,,,,,,251.2202535810339,928.0928699603097,61.48495658170296
2026-01-08 11:30:00,SYS-1,IU-2,IU,cool,False,0,24.0,23.831640932623927,23.689285289454094,,12.746654703379544,10.0,,,,,,,,,,,,,264.61826010516586,927.9920628457404,53.000962040070256
2026-01-08 11:45:00,SYS-1,IU-2,IU,cool,False,0,24.0,24.269956248998902,24.51543528025794,,12.211035327118406,10.0,,,,,,,,,,,,,246.4853055276548,891.1105719074228,53.58554685040328
2026-01-08 12:00:00,SYS-1,IU-2,IU,cool,False,0,24.0,23.718538603702203,23.620022784580655,,11.49530356231316,10.0,,,,,,,,,,,,,242.60903776920122,894.1406297631218,56.0285285711122
2026-01-08 12:15:00,SYS-1,IU-2,IU,cool,False,0,24.0,24.113493057033462,23.938796158632154,,11.487732783124219,10.0,,,,,,,,,,,,,257.14255529198215,886.7435057048713,48.44922492364559
2026-01-08 12:30:00,SYS-1,IU-2,IU,cool,False,0,24.0,24.078181914129594,24.337784323369334,,12.2166219678791,10.0,,,,,,,,,,,,,240.3476008301312,883.4817393864619,59.48557827855336
2026-01-08 12:45:00,SYS-1,IU-2,IU,cool,False,0,24.0,23.331807556416646,23.303011823015897,,11.42513293625404,10.0,,,,,,,,,,,,,256.1172166713262,834.7405363049606,50.62795071205066
2026-01-08 13:00:00,SYS-1,IU-2,IU,cool,False,0,24.0,23.405386171865832,23.516361177164125,,11.50557687048673,10.0,,,,,,,,,,,,,197.62037241778995,863.8510611476595,50.299623916541684
2026-01-08 13:15:00,SYS-1,IU-2,IU,cool,False,0,24.0,23.33375564983361,23.25076814791346,,11.684385150000335,10.0,,,,,,,,,,,,,238.46025196967895,834.4918612072534,41.7109869597556
2026-01-08 13:30:00,SYS-1,IU-2,IU,cool,False,0,24.0,23.17123579924283,22.721215267440975,,11.298798016129629,10.0,,,,,,,,,,,,,233.8643470105812,881.1460574724476,40.780956194262174
2026-01-08 13:45:00,SYS-1,IU-2,IU,cool,False,0,24.0,23.343337614003428,23.45277816471299,,10.352119442196333,10.0,,,,,,,,,,,,,199.6372641974359,877.2803938789613,39.87946585976975
2026-01-08 14:00:00,SYS-1,IU-2,IU,cool,False,0,24.0,23.2167796693271,22.947442994320596,,11.318704430885969,10.0,,,,,,,,,,,,,199.845116246417,872.8241540129932,43.693711583181724
2026-01-08 14:15:00,SYS-1,IU-2,IU,cool,False,0,24.0,23.01563080254152,23.232076779234838,,11.358049616352389,10.0,,,,,,,,,,,,,229.02360968513125,848.9403624473455,39.630115548414615
2026-01-08 14:30:00,SYS-1,IU-2,IU,cool,False,0,24.0,23.425236884428458,23.11507329587715,,11.215798581115338,10.0,,,,,,,,,,,,,196.76461437895694,816.9507646441841,38.18463256151174
2026-01-08 14:45:00,SYS-1,IU-2,IU,cool,False,0,24.0,23.50890199184216,23.135928482792057,,11.489714417801924,10.0,,,,,,,,,,,,,200.160970263882,839.4529577746553,39.90138077927818
2026-01-08 15:00:00,SYS-1,IU-2,IU,cool,False,0,24.0,22.902964964054448,22.964492757144296,,10.767926097874005,10.0,,,,,,,,,,,,,215.7382912260715,810.790662461759,38.26324336441871
2026-01-08 15:15:00,SYS-1,IU-2,IU,cool,False,0,24.0,23.085444298488497,23.170498394308126,,10.884837930882625,10.0,,,,,,,,,,,,,199.15362729193367,821.4827374684414,43.35127591144456
2026-01-08 15:30:00,SYS-1,IU-2,IU,cool,False,0,24.0,23.213319264020303,23.23465659987204,,11.2079426362569,10.0,,,,,,,,,,,,,208.7454524256156,786.5748818966106,34.02506084214164
2026-01-08 15:45:00,SYS-1,IU-2,IU,cool,False,0,24.0,23.103188921828696,22.860473111561575,,10.191696841878516,10.0,,,,,,,,,,,,,186.3633198201096,788.2335997731337,29.048414153777728
2026-01-08 16:00:00,SYS-1,IU-2,IU,cool,False,0,24.0,22.927884133468698,23.10559053330027,,11.136136542600688,10.0,,,,,,,,,,,,,201.69243727323857,804.8946389993732,33.121395348778314
2026-01-08 16:15:00,SYS-1,IU-2,IU,cool,False,0,24.0,23.350236465242205,23.057298773821348,,11.073577658764357,10.0,,,,,,,,,,,,,211.57049551391202,827.0458020583525,39.62197590882119
2026-01-08 16:30:00,SYS-1,IU-2,IU,cool,False,0,24.0,23.334150714108734,23.241298142481167,,10.54378578443647,10.0,,,,,,,,,,,,,198.63649853139077,788.2733770317661,29.004565589288422
2026-01-08 16:45:00,SYS-1,IU-2,IU,cool,False,0,24.0,23.26084444083926,23.103218895150373,,11.025983548612292,10.0,,,,,,,,,,,,,159.61345940199283,830.5621583351966,31.39737513419749
2026-01-08 17:00:00,SYS-1,IU-2,IU,cool,False,0,24.0,22.975356584307697,22.89982143959073,,10.494117967494967,10.0,,,,,,,,,,,,,200.9826065250712,838.2125041683664,28.920182275779936
2026-01-08 17:15:00,SYS-1,IU-2,IU,cool,False,0,24.0,23.618854949613695,23.789411017931936,,9.598077950404575,10.0,,,,,,,,,,,,,191.228819075893,756.6015864800876,32.30547717098221
2026-01-08 17:30:00,SYS-1,IU-2,IU,cool,False,0,24.0,23.534365872505845,23.407550513068713,,10.585805002022338,10.0,,,,,,,,,,,,,176.18808340118252,780.1329262791625,31.309892278805965
2026-01-08 17:45:00,SYS-1,IU-2,IU,cool,False,0,24.0,22.885149294400232,22.998027401869408,,10.167481398300582,10.0,,,,,,,,,,,,,210.14091634271202,761.0847238286455,25.89174955794726
2026-01-08 18:00:00,SYS-1,IU-2,IU,cool,False,0,24.0,22.967472438262167,23.106301691515217,,10.206739944846325,10.0,,,,,,,,,,,,,163.15823671295612,776.9025677643541,28.70771691887891
2026-01-08 18:15:00,SYS-1,IU-2,IU,cool,False,0,24.0,23.362121580952373,23.01991365189927,,10.081583831024343,10.0,,,,,,,,,,,,,217.3261504327885,769.3510069497806,34.51979994930018
2026-01-08 18:30:00,SYS-1,IU-2,IU,cool,False,0,24.0,22.772126093827907,22.538809959254305,,10.696912178365917,10.0,,,,,,,,,,,,,180.26253384609944,779.3602984697022,35.43659095653885
2026-01-08 18:45:00,SYS-1,IU-2,IU,cool,False,0,24.0,23.142130952027074,23.065460499207845,,10.31461183147894,10.0,,,,,,,,,,,,,213.86360791605685,801.0386072000099,34.853597732306405
2026-01-08 19:00:00,SYS-1,IU-2,IU,cool,False,0,24.0,23.051216482855086,22.93279218117464,,9.720248061453713,10.0,,,,,,,,,,,,,190.57774980728217,802.3207694014716,34.92960808552256
2026-01-08 19:15:00,SYS-1,IU-2,IU,cool,False,0,24.0,22.845326203281573,22.90686050830726,,10.349046712218986,10.0,,,,,,,,,,,,,172.50943955230917,791.1763753372691,29.52080931337277
2026-01-08 19:30:00,SYS-1,IU-2,IU,cool,False,0,24.0,23.009828003202852,22.6234958113413,,10.516874998325626,10.0,,,,,,,,,,,,,195.18185806986648,788.8620892768606,29.945531191285887
2026-01-08 19:45:00,SYS-1,IU-2,IU,cool,False,0,24.0,22.634756462306964,22.77887469520167,,9.843462379596282,10.0,,,,,,,,,,,,,200.33748991798964,794.3944268094785,36.98281887120827
2026-01-08 20:00:00,SYS-1,IU-2,IU,cool,False,0,24.0,22.974128674341415,23.123043392806892,,10.050815667987042,10.0,,,,,,,,,,,,,205.32333311017823,798.2662221292468,27.4164051328615
2026-01-08 20:15:00,SYS-1,IU-2,IU,cool,False,0,24.0,22.572933840856916,22.53928592240173,,10.145531110209522,10.0,,,,,,,,,,,,,215.15068887903743,811.2501109762885,33.76228966117987
2026-01-08 20:30:00,SYS-1,IU-2,IU,cool,False,0,24.0,23.893623532910194,23.617011802673236,,10.109626252421798,10.0,,,,,,,,,,,,,188.1894344775153,804.5860685412681,25.868683416559698
2026-01-08 20:45:00,SYS-1,IU-2,IU,cool,False,0,24.0,23.702765834885653,23.70388253826052,,10.670716625387136,10.0,,,,,,,,,,,,,211.4328664706847,819.408399015296,34.17242371184638
2026-01-08 21:00:00,SYS-1,IU-2,IU,cool,False,0,24.0,23.66430366057357,23.556805532054362,,11.094659340984382,10.0,,,,,,,,,,,,,217.76704272676628,788.9463184862565,33.68481724722684
2026-01-08 21:15:00,SYS-1,IU-2,IU,cool,False,0,24.0,23.433995462164734,23.547323386509387,,11.627492890649302,10.0,,,,,,,,,,,,,205.56842739643437,836.2522793881083,32.426384275757115
2026-01-08 21:30:00,SYS-1,IU-2,IU,cool,False,0,24.0,23.69346196896068,23.67637786082812,,11.379820516326262,10.0,,,,,,,,,,,,,198.67564086997754,861.1947973339037,42.46380897473848
2026-01-08 21:45:00,SYS-1,IU-2,IU,cool,False,0,24.0,23.828657137873357,23.974302521904423,,11.399902174299953,10.0,,,,,,,,,,,,,201.56970633271504,836.6578745133455,37.33016382384333
2026-01-08 22:00:00,SYS-1,IU-2,IU,cool,False,0,24.0,23.80726158822888,23.720597153087258,,11.571599595007141,10.0,,,,,,,,,,,,,230.37977663719798,811.7486019751449,40.529282467661474
2026-01-08 22:15:00,SYS-1,IU-2,IU,cool,False,0,24.0,23.83560196822437,24.124124869050497,,11.783065049715697,10.0,,,,,,,,,,,,,234.5811522908595,873.3429986954034,42.511526693615544
2026-01-08 22:30:00,SYS-1,IU-2,IU,cool,False,0,24.0,23.345951962933015,22.884999813716934,,11.046277847472311,10.0,,,,,,,,,,,,,213.83840757953584,847.2721083477089,41.65029610392508
2026-01-08 22:45:00,SYS-1,IU-2,IU,cool,False,0,24.0,23.809340351118472,23.606105271806776,,11.703923217565906,10.0,,,,,,,,,,,,,209.89798621897154,802.0253920199359,53.78829792406657
2026-01-08 23:00:00,SYS-1,IU-2,IU,cool,False,0,24.0,23.582908660116104,23.681071143279713,,11.643479696495497,10.0,,,,,,,,,,,,,252.15304089184022,864.3368961903996,45.93808348313843
2026-01-08 23:15:00,SYS-1,IU-2,IU,cool,False,0,24.0,23.452741199111905,23.15055801306389,,11.545145915263031,10.0,,,,,,,,,,,,,214.27247199513357,888.2818420978208,50.92607414142429
2026-01-08 23:30:00,SYS-1,IU-2,IU,cool,False,0,24.0,23.528959976850842,23.67614629108716,,11.511472025800213,10.0,,,,,,,,,,,,,243.7258011881788,891.6497903153875,45.155751154300766
2026-01-08 23:45:00,SYS-1,IU-2,IU,cool,False,0,24.0,24.064740440049896,23.82139651144942,,11.616554793958787,10.0,,,,,,,,,,,,,233.2200110679431,916.4105032714392,50.87627359588652
2026-01-06 00:00:00,SYS-1,IU-3,IU,cool,False,0,24.0,23.894837564798905,23.688945845647034,,11.798286061785985,9.954803829926556,,,,,,,,,,,,,249.59182529511656,923.5460532945525,58.87899834311704
2026-01-06 00:15:00,SYS-1,IU-3,IU,cool,False,0,24.0,23.965142982443975,24.02442222437902,,13.015073809100585,10.783005532229339,,,,,,,,,,,,,288.17476580674696,910.6819273628106,56.105952701638
2026-01-06 00:30:00,SYS-1,IU-3,IU,cool,False,0,24.0,23.948540350926443,23.612120985874906,,11.269860244745058,10.454380289553184,,,,,,,,,,,,,263.937772334736,917.5882408671037,58.80552876757882
2026-01-06 00:45:00,SYS-1,IU-3,IU,cool,False,0,24.0,24.2275617755944,24.037141027848484,,12.509128301906253,11.056737137954144,,,,,,,,,,,,,256.54295357912696,926.7151136081294,65.87930609320856
2026-01-06 01:00:00,SYS-1,IU-3,IU,cool,False,0,24.0,24.70842323313286,24.570388837070624,,12.710478388302484,11.864268369802327,,,,,,,,,,,,,291.14171168677143,935.5081424986192,61.6597536104126
2026-01-06 01:15:00,SYS-1,IU-3,IU,cool,False,0,24.0,24.27262779897984,24.27857413998676,,12.654620783631165,10.735347408355503,,,,,,,,,,,,,258.14004139621335,929.2055038993664,56.29205729661342
2026-01-06 01:30:00,SYS-1,IU-3,IU,cool,False,0,24.0,24.331940324266807,24.05072572565373,,13.851232078731877,9.533814825003972,,,,,,,,,,,,,271.23068467340664,960.7627672446966,54.65576149540475
2026-01-06 01:45:00,SYS-1,IU-3,IU,cool,False,0,24.0,24.31756275265356,24.52162522833765,,13.421052828798429,10.668047561090063,,,,,,,,,,,,,268.9507848475825,939.9707134054731,65.67427272839505
2026-01-06 02:00:00,SYS-1,IU-3,IU,cool,False,0,24.0,25.237597767056346,25.166027878672068,,13.347849035168643,10.484930445318861,,,,,,,,,,,,,277.05225412723547,944.8045998223729,61.59184238610401
2026-01-06 02:15:00,SYS-1,IU-3,IU,cool,False,0,24.0,25.02127073894731,24.959002660113,,12.671270763047103,11.155259447981575,,,,,,,,,,,,,294.57566423535866,973.5395265227511,70.18571402931006
2026-01-06 02:30:00,SYS-1,IU-3,IU,cool,False,0,24.0,24.76322075014785,24.680584781414446,,13.437185897958514,11.264310445852116,,,,,,,,,,,,,295.5526475972607,962.197427786579,63.731014034233326
2026-01-06 02:45:00,SYS-1,IU-3,IU,cool,False,0,24.0,24.857232141837823,24.713032235213024,,13.128198107669173,10.73070471616152,,,,,,,,,,,,,279.36666312495265,974.5501672563198,69.58350391989785
2026-01-06 03:00:00,SYS-1,IU-3,IU,cool,False,0,24.0,24.488318680193956,24.283268290861418,,13.420531643699217,10.861180677082636,,,,,,,,,,,,,291.0485760137557,945.310864087553,65.20991136502593
2026-01-06 03:15:00,SYS-1,IU-3,IU,cool,False,0,24.0,24.697226774673,24.912291301004288,,13.584214461346214,11.37708297210287,,,,,,,,,,,,,296.8724816409326,1005.4719800138977,71.84427270531246
2026-01-06 03:30:00,SYS-1,IU-3,IU,cool,False,0,24.0,24.8458063785662,24.87416235448401,,13.345649752927885,11.492368750860154,,,,,,,,,,,,,292.127221582714,995.1670180042003,72.46629291142166
2026-01-06 03:45:00,SYS-1,IU-3,IU,cool,False,0,24.0,24.857120691101215,24.82352727272435,,13.94787978061344,10.4122494567551,,,,,,,,,,,,,299.86260091277876,997.4248120341261,78.60550539039774
2026-01-06 04:00:00,SYS-1,IU-3,IU,cool,False,0,24.0,24.604266352906322,24.78865204505073,,14.487704910298914,12.199606338798656,,,,,,,,,,,,,291.90897961990345,1012.8363420148288,83.19694473614307
2026-01-06 04:15:00,SYS-1,IU-3,IU,cool,False,0,24.0,24.657750152773882,24.50510296494561,,14.269624025385736,11.808639462393224,,,,,,,,,,,,,293.55420685751744,1011.712398647779,76.36332013636427
2026-01-06 04:30:00,SYS-1,IU-3,IU,cool,False,0,24.0,25.06620218231211,25.17806266467144,,13.937641119225647,11.842958399120207,,,,,,,,,,,,,306.58405322117676,997.5870080814502,73.65836250563606
2026-01-06 04:45:00,SYS-1,IU-3,IU,cool,False,0,24.0,25.02946315356897,25.021303044890555,,12.971559863336086,12.036665916881557,,,,,,,,,,,,,292.2052375315093,1051.9702257584693,88.27708946779329
2026-01-06 05:00:00,SYS-1,IU-3,IU,cool,False,0,24.0,24.335977720121846,24.147753425745645,,14.432624325233299,11.438922797569743,,,,,,,,,,,,,314.56870485324725,1007.3790964302342,80.81548391360629
2026-01-06 05:15:00,SYS-1,IU-3,IU,cool,False,0,24.0,24.998533203646563,25.13557437488968,,14.458386437738653,11.937085386668908,,,,,,,,,,,,,306.5058111619952,1036.3543237999183,82.42582537010983
2026-01-06 05:30:00,SYS-1,IU-3,IU,cool,False,0,24.0,25.356322162234147,25.04842592102077,,13.881401719181694,12.483115926111282,,,,,,,,,,,,,296.49627722162614,1053.9713392791123,82.67944911064889
2026-01-06 05:45:00,SYS-1,IU-3,IU,cool,False,0,24.0,24.798539365630162,24.91381353608635,,13.760747554247978,12.514950571537318,,,,,,,,,,,,,301.39688508928504,1007.9656600323132,87.05748167727052
2026-01-06 06:00:00,SYS-1,IU-3,IU,cool,False,0,24.0,25.06133293709989,24.873600095497984,,14.300366456947696,12.222810916313307,,,,,,,,,,,,,303.4902300562285,1021.8529071615052,84.89369533912527
2026-01-06 06:15:00,SYS-1,IU-3,IU,cool,False,0,24.0,24.56037619375286,24.627577330645753,,13.605294924875114,11.860968434963398,,,,,,,,,,,,,308.01106563645783,1004.1881880493094,83.18797682798797
2026-01-06 06:30:00,SYS-1,IU-3,IU,cool,False,0,24.0,25.227153449256917,25.48583374909726,,14.348820687447008,11.586196750098415,,,,,,,,,,,,,311.6278056067534,1039.0749086163123,83.473134214978
2026-01-06 06:45:00,SYS-1,IU-3,IU,cool,False,0,24.0,24.643385765579495,24.74161312549512,,13.444665165274317,12.599356319409948,,,,,,,,,,,,,306.27248213631196,1011.3648016174297,75.10328001660923
2026-01-06 07:00:00,SYS-1,IU-3,IU,cool,False,0,24.0,24.588273878591174,24.455671951643012,,13.490215785585841,12.185345479249863,,,,,,,,,,,,,295.744938843491,994.9742287579173,75.97931709074332
2026-01-06 07:15:00,SYS-1,IU-3,IU,cool,False,0,24.0,24.844367059882668,24.824663839554766,,13.893476595082246,11.689206735113732,,,,,,,,,,,,,328.1969053082537,1038.8161989385346,78.00828885468657
2026-01-06 07:30:00,SYS-1,IU-3,IU,cool,False,0,24.0,25.612060416573833,25.525407753636845,,13.154817202602473,10.796841912826833,,,,,,,,,,,,,319.1142812998876,1028.4369869040954,78.42910275425864
2026-01-06 07:45:00,SYS-1,IU-3,IU,cool,False,0,24.0,24.70785921097289,24.46236500047848,,13.78725926197068,11.372345798307975,,,,,,,,,,,,,305.895522817473,990.7212856908865,77.38233448415606
2026-01-06 08:00:00,SYS-1,IU-3,IU,cool,False,0,24.0,24.48536239667466,24.252764383727257,,13.975186566668839,10.796988328254763,,,,,,,,,,,,,316.31327928901453,1026.5586829208992,78.05940827070995
2026-01-06 08:15:00,SYS-1,IU-3,IU,cool,False,0,24.0,24.958086580631957,24.951999749470932,,13.037345792226246,12.267342562454763,,,,,,,,,,,,,305.1232943997354,1003.5571646496533,75.78804009886763
2026-01-06 08:30:00,SYS-1,IU-3,IU,cool,False,0,24.0,24.851562920095287,24.942573755876623,,14.015537744626341,11.678067389443314,,,,,,,,,,,,,294.290067379017,1047.070680168512,72.57078637000113
2026-01-06 08:45:00,SYS-1,IU-3,IU,cool,False,0,24.0,25.230452082583742,24.86787756139781,,13.233344427136592,11.141950531540171,,,,,,,,,,,,,296.81514416500767,1023.0052158138487,65.5686048738822
2026-01-06 09:00:00,SYS-1,IU-3,IU,cool,False,0,24.0,24.32471314109698,24.295306959370055,,13.66599011022829,11.279686847757402,,,,,,,,,,,,,331.7485389904093,974.3088766282639,76.71753686192535
2026-01-06 09:15:00,SYS-1,IU-3,IU,cool,False,0,24.0,24.181217329188534,24.26563511770266,,13.4131786988997,12.581587033512118,,,,,,,,,,,,,304.4915634131735,974.0246801116315,74.28520444675702
2026-01-06 09:30:00,SYS-1,IU-3,IU,cool,False,0,24.0,24.506818846605007,24.51284623130345,,12.997420162018116,11.809108403793354,,,,,,,,,,,,,302.17138472634724,956.355080416943,65.70697446506696
2026-01-06 09:45:00,SYS-1,IU-3,IU,cool,False,0,24.0,24.65778013662233,24.44462008840488,,12.859745486370713,10.456783119849206,,,,,,,,,,,,,278.03875818899195,969.251916099784,71.24240751993933
2026-01-06 10:00:00,SYS-1,IU-3,IU,cool,False,0,24.0,24.595928774852634,24.783826714056342,,12.192898497014445,10.936244507880136,,,,,,,,,,,,,289.20134435715016,960.9402570525936,69.34007170869882
2026-01-06 10:15:00,SYS-1,IU-3,IU,cool,False,0,24.0,24.7522722191637,24.496850875631278,,12.552348191295525,10.28465454462403,,,,,,,,,,,,,309.89737504573543,967.1581391539004,66.29122911931697
2026-01-06 10:30:00,SYS-1,IU-3,IU,cool,False,0,24.0,23.934115536828912,24.045445940049124,,12.398337869851607,9.924604054993257,,,,,,,,,,,,,279.6291286963234,947.6058522723383,55.264758591431246
2026-01-06 10:45:00,SYS-1,IU-3,IU,cool,False,0,24.0,24.069637881576284,24.36837909227137,,13.409649033290428,10.727824203108238,,,,,,,,,,,,,285.3696790831775,910.5279577587016,56.89165217123673
2026-01-06 11:00:00,SYS-1,IU-3,IU,cool,False,0,24.0,24.210992694763185,23.792902437398187,,12.991053039887257,11.69673982336143,,,,,,,,,,,,,284.2960753081531,915.601697602824,58.34463401199503
2026-01-06 11:15:00,SYS-1,IU-3,IU,cool,False,0,24.0,24.43296979955876,24.466948027678423,,11.742500388315374,11.152805087153185,,,,,,,,,,,,,271.52619781847966,950.4288541871945,67.80314169206348
2026-01-06 11:30:00,SYS-1,IU-3,IU,cool,False,0,24.0,24.261450141250737,24.30633703570068,,12.632777038153412,10.28239053778048,,,,,,,,,,,,,281.2221955616868,937.7317342302226,53.851309133782216
2026-01-06 11:45:00,SYS-1,IU-3,IU,cool,False,0,24.0,23.932321882852317,23.959898585488926,,12.23097138255293,9.946820433977537,,,,,,,,,,,,,257.7209551178103,904.7860247357142,54.77668083199597
2026-01-06 12:00:00,SYS-1,IU-3,IU,cool,False,0,24.0,23.69062484730018,23.52259233280851,,11.817540367191535,10.098529000404119,,,,,,,,,,,,,257.6801387544987,897.4259772975674,49.32978665291336
2026-01-06 12:15:00,SYS-1,IU-3,IU,cool,False,0,24.0,24.18511617125446,24.106582590735755,,12.082184535715221,10.375487330789321,,,,,,,,,,,,,237.3803571858394,888.9540382606218,50.7800294857515
2026-01-06 12:30:00,SYS-1,IU-3,IU,cool,False,0,24.0,24.139749202632142,23.847710345384243,,12.10647040385814,9.023375215189219,,,,,,,,,,,,,281.02245388774617,884.7843733635486,53.31728463127426
2026-01-06 12:45:00,SYS-1,IU-3,IU,cool,False,0,24.0,24.593964672576064,24.602508369672208,,11.33913087202199,8.693947598833518,,,,,,,,,,,,,243.16206587445578,844.5687788636675,39.64552452137254
2026-01-06 13:00:00,SYS-1,IU-3,IU,cool,False,0,24.0,23.67987718797895,23.767934715925424,,11.350087544678132,10.40443248448701,,,,,,,,,,,,,236.52102357911954,886.0384586210139,34.24368305739924
2026-01-06 13:15:00,SYS-1,IU-3,IU,cool,False,0,24.0,24.14714808027296,23.998676329088013,,11.431569545872637,9.494490570233873,,,,,,,,,,,,,251.3617707818376,848.8805949203454,50.13958840154844
2026-01-06 13:30:00,SYS-1,IU-3,IU,cool,False,0,24.0,23.252582385571362,23.052874640410664,,10.769716767994035,10.022758320156065,,,,,,,,,,,,,220.38670823400705,856.8938117780058,45.47824334131419
2026-01-06 13:45:00,SYS-1,IU-3,IU,cool,False,0,24.0,23.38887232794154,23.278054473685298,,11.198963642076668,9.232068932387646,,,,,,,,,,,,,223.81941911377837,798.6878926017744,40.794462359297604
2026-01-06 14:00:00,SYS-1,IU-3,IU,cool,False,0,24.0,23.29192357108816,23.27227972196522,,10.959191298934682,9.725527683915487,,,,,,,,,,,,,209.05923522131027,844.4785170645423,47.20711121420981
2026-01-06 14:15:00,SYS-1,IU-3,IU,cool,False,0,24.0,23.29914489236087,23.292994713986598,,10.567396539400177,8.588458917513746,,,,,,,,,,,,,217.41644547890584,858.8850272823178,45.827178633444994
2026-01-06 14:30:00,SYS-1,IU-3,IU,cool,False,0,24.0,23.12468821046355,23.08606419843962,,10.385489857793372,9.027130473408036,,,,,,,,,,,,,208.25633692132632,784.2842197134594,29.187329592997575
2026-01-06 14:45:00,SYS-1,IU-3,IU,cool,False,0,24.0,23.171921759252612,23.16710342722849,,10.821921069812857,9.444548862443417,,,,,,,,,,,,,218.75253389814912,849.8876808140627,37.54934646299466
2026-01-06 15:00:00,SYS-1,IU-3,IU,cool,False,0,24.0,23.2679349525069,22.99211670080071,,10.993695173390577,9.088200183409961,,,,,,,,,,,,,206.1556971268089,824.1729688300195,42.724967030551134
2026-01-06 15:15:00,SYS-1,IU-3,IU,cool,False,0,24.0,23.106916861164827,22.55231687118703,,10.64898787540024,8.269795605843225,,,,,,,,,,,,,196.61477698460965,795.7890422779124,32.734995625988795
2026-01-06 15:30:00,SYS-1,IU-3,IU,cool,False,0,24.0,23.391806350538193,23.494414129375375,,10.0104349234057,8.853895152037706,,,,,,,,,,,,,198.54473224665335,774.5304905933813,33.47046777965944
2026-01-06 15:45:00,SYS-1,IU-3,IU,cool,False,0,24.0,23.135023271070015,23.395611569295912,,10.685742546085187,8.009481033524203,,,,,,,,,,,,,198.80286979681884,822.4300203944691,38.84484433863819
2026-01-06 16:00:00,SYS-1,IU-3,IU,cool,False,0,24.0,23.12461416599177,22.82773828725086,,10.34564056376342,7.5649994120199135,,,,,,,,,,,,,191.0171175645316,801.0634043320865,31.8810458536383
2026-01-06 16:15:00,SYS-1,IU-3,IU,cool,False,0,24.0,23.52746904362864,23.37798813926541,,10.481679175500616,8.464358607721564,,,,,,,,,,,,,210.22204903791385,803.7034666128006,26.47126245772893
2026-01-06 16:30:00,SYS-1,IU-3,IU,cool,False,0,24.0,23.15986079634135,23.199953483876122,,10.695273147365487,8.842680681207762,,,,,,,,,,,,,204.7473231522436,783.953112082195,28.34489459289338
2026-01-06 16:45:00,SYS-1,IU-3,IU,cool,False,0,24.0,23.089671650990876,23.25791469517892,,9.681581474157861,8.525454656561513,,,,,,,,,,,,,195.71147708907748,771.1513433931979,24.575944052716483
2026-01-06 17:00:00,SYS-1,IU-3,IU,cool,False,0,24.0,23.019566096703382,23.12787432046687,,10.000976104105078,7.446921617128386,,,,,,,,,,,,,175.18746697443896,800.7148320176046,33.4880913997918
2026-01-06 17:15:00,SYS-1,IU-3,IU,cool,False,0,24.0,23.028753200137064,23.260566833371765,,9.757058421432196,8.467739339508945,,,,,,,,,,,,,199.07382810338413,764.0749710791525,21.73887249204403
2026-01-06 17:30:00,SYS-1,IU-3,IU,cool,False,0,24.0,23.168249295834155,23.138582570175043,,9.606318775503297,8.35274805715112,,,,,,,,,,,,,172.37541417088158,798.2413218119314,35.08671661710597
2026-01-06 17:45:00,SYS-1,IU-3,IU,cool,False,0,24.0,22.757550363546674,22.81968744598004,,10.940676322490155,7.776941417568407,,,,,,,,,,,,,193.22870459287265,748.343763059513,21.70458676083252
2026-01-06 18:00:00,SYS-1,IU-3,IU,cool,False,0,24.0,23.327722034727067,23.389301109182,,10.437876099687234,6.770627368148302,,,,,,,,,,,,,191.10094365414548,762.3270500186067,30.09426078999985
2026-01-06 18:15:00,SYS-1,IU-3,IU,cool,False,0,24.0,23.455248337395812,23.35131669967063,,9.176261561039116,8.506520626385807,,,,,,,,,,,,,181.984751316516,752.5212933276526,22.596367973271022
2026-01-06 18:30:00,SYS-1,IU-3,IU,cool,False,0,24.0,23.33882842339739,23.55535974841765,,10.215194452067937,8.45573748560706,,,,,,,,,,,,,178.88539040914418,806.0513077294895,28.50411111106783
2026-01-06 18:45:00,SYS-1,IU-3,IU,cool,False,0,24.0,22.86587513780997,22.968882294097877,,9.777063532048972,8.28453248555719,,,,,,,,,,,,,181.4775908346725,748.8554207284449,35.45583660477696
2026-01-06 19:00:00,SYS-1,IU-3,IU,cool,False,0,24.0,22.55710031637036,22.72968875752028,,10.603912385272855,7.2109780456102275,,,,,,,,,,,,,222.23260874430227,762.3212671266634,36.327383575912734
2026-01-06 19:15:00,SYS-1,IU-3,IU,cool,False,0,24.0,22.915844702755376,22.820013269552895,,10.144097520904422,7.3683214195339595,,,,,,,,,,,,,189.7395970253649,798.9878909621758,37.71375272315693
2026-01-06 19:30:00,SYS-1,IU-3,IU,cool,False,0,24.0,23.112511108089056,23.295194330816816,,10.069573814254868,8.653712135888943,,,,,,,,,,,,,191.9735533115413,793.5121916686603,31.32707443549952
2026-01-06 19:45:00,SYS-1,IU-3,IU,cool,False,0,24.0,23.337714825260488,23.111681596747687,,10.271876901833826,8.604132897578951,,,,,,,,,,,,,210.4997014722013,834.2728045363974,32.98275375294017
2026-01-06 20:00:00,SYS-1,IU-3,IU,cool,False,0,24.0,23.071569104064544,23.129264008723567,,10.446410670313007,8.51298597504847,,,,,,,,,,,,,204.52027769417265,831.267566771619,34.378862073531124
2026-01-06 20:15:00,SYS-1,IU-3,IU,cool,False,0,24.0,23.070570091039254,22.538743718140786,,10.35016946849367,8.214676863091025,,,,,,,,,,,,,215.8454625862442,812.0236079448028,37.158738202868754
2026-01-06 20:30:00,SYS-1,IU-3,IU,cool,False,0,24.0,23.644871923874007,23.427482169216184,,10.30970697395259,8.608679277653067,,,,,,,,,,,,,185.02286617435388,817.9864276528887,33.039649634028194
2026-01-06 20:45:00,SYS-1,IU-3,IU,cool,False,0,24.0,23.042516033785887,23.167281624953404,,10.430922455068432,8.227507654350939,,,,,,,,,,,,,189.51726113752557,774.8877973616607,41.56986618456262
2026-01-06 21:00:00,SYS-1,IU-3,IU,cool,False,0,24.0,23.597317107385443,23.48938808808448,,10.823934166035956,8.430735838549584,,,,,,,,,,,,,256.22278920398566,798.2916693379221,38.81759615602396
2026-01-06 21:15:00,SYS-1,IU-3,IU,cool,False,0,24.0,23.59787563597556,23.612194619412225,,10.152949596172656,8.250873020829433,,,,,,,,,,,,,210.2340374974208,814.5998616307369,44.10139745253316
2026-01-06 21:30:00,SYS-1,IU-3,IU,cool,False,0,24.0,22.99163913344836,22.654160794235914,,10.780833952156502,8.910522427249022,,,,,,,,,,,,,209.68142607382455,823.5508964740236,42.0364802440396
2026-01-06 21:45:00,SYS-1,IU-3,IU,cool,False,0,24.0,23.51747013054031,23.800903679206098,,10.832085074563372,8.681136458937104,,,,,,,,,,,,,219.40104046398585,807.0311911445831,44.36715226224796
2026-01-06 22:00:00,SYS-1,IU-3,IU,cool,False,0,24.0,23.327492072884763,23.424481750783993,,10.772213094859756,9.472911952631623,,,,,,,,,,,,,234.7586913785955,822.1914225606914,38.71927331597265
2026-01-06 22:15:00,SYS-1,IU-3,IU,cool,False,0,24.0,23.27021449307778,23.245324242821884,,11.458940007204168,9.473213278666483,,,,,,,,,,,,,206.64051944736167,830.724469318147,41.73121914803849
2026-01-06 22:30:00,SYS-1,IU-3,IU,cool,False,0,24.0,23.064779477986985,23.12636767699453,,10.631082118288248,8.830901377342421,,,,,,,,,,,,,231.54155368343922,874.3942692754786,38.84517169848678
2026-01-06 22:45:00,SYS-1,IU-3,IU,cool,False,0,24.0,23.209325854419177,23.253692024335283,,11.185805000978004,10.270259662667154,,,,,,,,,,,,,230.7021529984492,869.5651315498204,45.35401143028579
2026-01-06 23:00:00,SYS-1,IU-3,IU,cool,False,0,24.0,23.85426109575847,24.111545549805783,,11.083632501927239,8.924235354096046,,,,,,,,,,,,,244.61519630271917,862.5894077095488,47.51749418198047
2026-01-06 23:15:00,SYS-1,IU-3,IU,cool,False,0,24.0,23.682031745184833,23.704124551220495,,11.863968459576432,9.83372144421784,,,,,,,,,,,,,241.20382833397971,871.3128948507933,54.16895358249518
2026-01-06 23:30:00,SYS-1,IU-3,IU,cool,False,0,24.0,23.940995809230976,23.632971492337393,,11.519818376759195,10.277908422999074,,,,,,,,,,,,,234.88098715344833,889.9045369510045,45.3116449616804
2026-01-06 23:45:00,SYS-1,IU-3,IU,cool,False,0,24.0,23.613472002520364,23.54351243281483,,11.891523257571496,10.506807795959457,,,,,,,,,,,,,233.93824985318037,878.8027009067243,69.401759278336
2026-01-07 00:00:00,SYS-1,IU-3,IU,cool,False,6607,24.0,23.89704222632799,24.128404366637948,,12.179325791975524,8.901543509497362,,,,,,,,,,,,,215.15673431580984,894.9560192164993,54.25841211896126
2026-01-07 00:15:00,SYS-1,IU-3,IU,cool,False,6607,24.0,23.976835948818287,24.068359599675713,,11.38428492209638,10.629206872848858,,,,,,,,,,,,,268.4863906092256,874.9119318132591,62.79273849151575
2026-01-07 00:30:00,SYS-1,IU-3,IU,cool,False,6607,24.0,23.667769941175177,23.56549924732431,,12.471828941865684,10.868525045063238,,,,,,,,,,,,,236.9819246097493,928.469536708472,63.32831519530589
2026-01-07 00:45:00,SYS-1,IU-3,IU,cool,False,6607,24.0,23.69779140520375,23.797271710030422,,12.04038822541023,11.106801627005916,,,,,,,,,,,,,256.2689205766937,941.7910699360264,47.14563050228321
2026-01-07 01:00:00,SYS-1,IU-3,IU,cool,False,6607,24.0,24.379483905338734,24.3823445075097,,12.398349968520023,9.409202334233056,,,,,,,,,,,,,289.9649573005117,937.98183838312,60.0268506354025
2026-01-07 01:15:00,SYS-1,IU-3,IU,cool,False,6607,24.0,24.356021942962236,24.455357076737627,,12.589969470952616,10.305669575028004,,,,,,,,,,,,,263.63639767705104,947.7015489319351,70.26989682287999
2026-01-07 01:30:00,SYS-1,IU-3,IU,cool,False,6607,24.0,24.099754135705947,23.76935986805743,,13.142709678727435,10.71612535693898,,,,,,,,,,,,,282.1982294450884,952.9021726884629,52.31253822017505
2026-01-07 01:45:00,SYS-1,IU-3,IU,cool,False,0,24.0,24.403756178126994,24.20813497445498,,13.2290153130096,10.662268908534358,,,,,,,,,,,,,273.8838357448729,992.118694402048,69.76837879615688
2026-01-07 02:00:00,SYS-1,IU-3,IU,cool,False,0,24.0,24.685978205407284,24.79639829094845,,13.82436707053687,11.668615919026132,,,,,,,,,,,,,290.49326185692445,963.8871875920258,62.78866272160658
2026-01-07 02:15:00,SYS-1,IU-3,IU,cool,False,0,24.0,25.08502774911535,25.021493517911637,,13.193518319013466,10.77257220258031,,,,,,,,,,,,,284.15248485935786,941.3515570229838,66.42373887000747
2026-01-07 02:30:00,SYS-1,IU-3,IU,cool,False,0,24.0,24.339132033928706,24.387985963496703,,12.994716924229161,11.830409718633154,,,,,,,,,,,,,279.56592674423314,952.9808300921538,71.20558582066232
2026-01-07 02:45:00,SYS-1,IU-3,IU,cool,False,0,24.0,24.83186889636451,25.195113425391355,,13.083724586168238,11.598761873588268,,,,,,,,,,,,,309.4647258788761,992.7271678142317,62.02016718801663
2026-01-07 03:00:00,SYS-1,IU-3,IU,cool,False,0,24.0,25.320938184311437,25.240030456787927,,13.719271494005817,10.688524105379946,,,,,,,,,,,,,288.97897718877107,1005.2494386842183,73.52126421449803
2026-01-07 03:15:00,SYS-1,IU-3,IU,cool,False,0,24.0,24.762537241678032,24.789844501618898,,14.25196780742504,11.00862544384989,,,,,,,,,,,,,276.1722296622816,1004.9549009476625,70.43011535871355
2026-01-07 03:30:00,SYS-1,IU-3,IU,cool,False,0,24.0,25.215858443019908,25.086948838695093,,13.745765872861169,11.352501170964972,,,,,,,,,,,,,293.24755310474364,1011.2610780337945,70.9516721710711
2026-01-07 03:45:00,SYS-1,IU-3,IU,cool,False,0,24.0,24.062675858028566,23.920514057795373,,13.39364068057225,11.711243507696896,,,,,,,,,,,,,308.06193564119417,1003.329629168544,79.15843754134103
2026-01-07 04:00:00,SYS-1,IU-3,IU,cool,False,0,24.0,25.283158256452865,25.24860072641304,,13.860114097339183,12.228071635836487,,,,,,,,,,,,,286.2792914871588,975.4077241979961,94.0520979789647
2026-01-07 04:15:00,SYS-1,IU-3,IU,cool,False,0,24.0,24.885099891479662,24.581062715281373,,13.91311511251458,11.702563547306008,,,,,,,,,,,,,315.55533802755355,994.0263086794712,79.00050565000309
2026-01-07 04:30:00,SYS-1,IU-3,IU,cool,False,0,24.0,24.36351130168373,23.932080471329062,,13.862932608248286,12.301911524016864,,,,,,,,,,,,,316.874879417099,976.1834942312555,80.72665414262622
2026-01-07 04:45:00,SYS-1,IU-3,IU,cool,False,0,24.0,25.167360176214416,25.414379570125607,,13.546927697608018,11.10732466679713,,,,,,,,,,,,,337.8270147339914,1006.1856449425582,78.28180770028864
2026-01-07 05:00:00,SYS-1,IU-3,IU,cool,False,0,24.0,25.265693767971708,25.22551203908997,,12.746530312722768,10.407810149072196,,,,,,,,,,,,,299.0904191831397,989.7680990156888,75.39375091470976
2026-01-07 05:15:00,SYS-1,IU-3,IU,cool,False,0,24.0,25.32732771055108,25.527093734899655,,13.710896635232025,11.793093081875286,,,,,,,,,,,,,318.78005507459585,1019.500750181857,80.67346098931989
2026-01-07 05:30:00,SYS-1,IU-3,IU,cool,False,0,24.0,25.335332903528517,25.33930478055397,,14.474488630072429,12.212089810432094,,,,,,,,,,,,,285.78993637786186,1015.6681630690518,87.23786379329842
2026-01-07 05:45:00,SYS-1,IU-3,IU,cool,False,0,24.0,24.980332654991656,24.989537975434306,,14.09492878132268,11.815136645693773,,,,,,,,,,,,,304.22316970386663,982.36093422747,80.75257494548809
2026-01-07 06:00:00,SYS-1,IU-3,IU,cool,False,0,24.0,24.771316526007915,24.88247965956755,,12.96872802715947,11.495219765221815,,,,,,,,,,,,,311.90073127106274,1033.9815736135104,84.31222753009004
2026-01-07 06:15:00,SYS-1,IU-3,IU,cool,False,0,24.0,24.85354524342335,24.974016486458765,,13.998040902409722,12.20687751833631,,,,,,,,,,,,,316.1361515327245,1034.261005125084,78.66994739105289
2026-01-07 06:30:00,SYS-1,IU-3,IU,cool,False,0,24.0,24.972465112686717,24.71735144106495,,13.120346986033953,12.94936259013344,,,,,,,,,,,,,309.08023876234563,992.2534750130927,92.2444512937347
2026-01-07 06:45:00,SYS-1,IU-3,IU,cool,False,0,24.0,25.09140241787007,25.307619269998604,,14.890639172935954,11.9098678392458,,,,,,,,,,,,,307.92393536589276,1020.3908203179212,71.13236017484923
2026-01-07 07:00:00,SYS-1,IU-3,IU,cool,False,0,24.0,24.815648366004847,24.606039181508507,,14.02077777867044,11.568847208102646,,,,,,,,,,,,,299.50529331466294,1029.5830349471264,81.92883701567416
2026-01-07 07:15:00,SYS-1,IU-3,IU,cool,False,0,24.0,24.95247242898914,24.9723330591846,,13.331972877800663,11.471140945744065,,,,,,,,,,,,,300.7809302350348,1007.9725986742701,81.2355305146677
2026-01-07 07:30:00,SYS-1,IU-3,IU,cool,False,0,24.0,25.17301034769524,25.652636272205047,,14.220310868471437,12.83076847165008,,,,,,,,,,,,,310.2246571566923,1027.19243440671,79.2802314427189
2026-01-07 07:45:00,SYS-1,IU-3,IU,cool,False,0,24.0,24.983787028989944,24.979619631610987,,13.428431946832058,11.77358842998275,,,,,,,,,,,,,312.2538792510677,1011.1452343874555,71.68965596741586
2026-01-07 08:00:00,SYS-1,IU-3,IU,cool,False,0,24.0,25.532038169025732,25.83798405495106,,13.994244099638996,12.038137513406902,,,,,,,,,,,,,311.5697425537759,1024.407491101003,70.80882709825752
2026-01-07 08:15:00,SYS-1,IU-3,IU,cool,False,0,24.0,25.45734365108798,25.36961410017838,,13.673046463121878,12.272942567725524,,,,,,,,,,,,,314.6156983452118,1003.2250940486945,74.4569351225114
2026-01-07 08:30:00,SYS-1,IU-3,IU,cool,False,0,24.0,24.446873496129463,24.54706232502764,,13.035767446310954,12.125295774372184,,,,,,,,,,,,,315.1075023185613,991.9097598172223,75.17502397195953
2026-01-07 08:45:00,SYS-1,IU-3,IU,cool,False,0,24.0,24.57607114670433,24.566283755004207,,13.814185775028902,11.042702921794238,,,,,,,,,,,,,269.5365957259386,999.9020630994688,67.57424653200216
2026-01-07 09:00:00,SYS-1,IU-3,IU,cool,False,0,24.0,24.31314198699637,24.37497976261749,,12.78883456006478,11.892228735332873,,,,,,,,,,,,,285.2913281951343,999.7575018995556,67.18859824973086
2026-01-07 09:15:00,SYS-1,IU-3,IU,cool,False,0,24.0,24.307908533616533,24.121080151275486,,13.944600392889656,11.740609991204987,,,,,,,,,,,,,287.6180223256474,983.7658423548507,74.12458682197713
2026-01-07 09:30:00,SYS-1,IU-3,IU,cool,False,0,24.0,24.7606880490479,24.56153308543277,,13.24577637231604,11.462142648017597,,,,,,,,,,,,,277.6372413545394,964.2689660557693,75.21804067324926
2026-01-07 09:45:00,SYS-1,IU-3,IU,cool,False,0,24.0,24.254745066267976,24.300548618330797,,12.630722750626,11.61594776106492,,,,,,,,,,,,,298.79152336501585,951.329221584714,65.91931608244916
2026-01-07 10:00:00,SYS-1,IU-3,IU,cool,False,0,24.0,24.183040344625127,23.85796160364032,,12.153499761983946,10.71936342921801,,,,,,,,,,,,,291.1628717930841,952.6504762877036,63.84190696562759
2026-01-07 10:15:00,SYS-1,IU-3,IU,cool,False,0,24.0,24.354064035775227,24.16943250378671,,13.639208851456075,10.84741134072308,,,,,,,,,,,,,275.37613346507237,941.8747750661673,62.25452058017715
2026-01-07 10:30:00,SYS-1,IU-3,IU,cool,False,0,24.0,24.609626612224133,24.71527157744707,,13.443032143240984,10.503013699918126,,,,,,,,,,,,,275.08753362680784,949.6672134794616,76.79068946024515
2026-01-07 10:45:00,SYS-1,IU-3,IU,cool,False,0,24.0,24.208085045830277,24.068170455512387,,12.055922189286408,11.022034639766773,,,,,,,,,,,,,287.86261969618283,941.6301243247639,65.31454825416347
2026-01-07 11:00:00,SYS-1,IU-3,IU,cool,False,0,24.0,24.144866123628166,23.951585843531795,,13.286391821205005,10.191094646673259,,,,,,,,,,,,,260.912309300036,929.207291429855,60.969917252466225
2026-01-07 11:15:00,SYS-1,IU-3,IU,cool,False,0,24.0,24.45677154713235,24.220650982067358,,12.468219841722506,10.586847016914174,,,,,,,,,,,,,257.5640480491728,923.1442974255818,64.73633433340207
2026-01-07 11:30:00,SYS-1,IU-3,IU,cool,False,0,24.0,24.260724392482533,24.26976746208234,,12.157738799361637,9.714040969395905,,,,,,,,,,,,,271.25991036104773,918.7406360744939,69.56939425325561
2026-01-07 11:45:00,SYS-1,IU-3,IU,cool,False,0,24.0,24.190985108191743,24.100211880170452,,12.09020378537088,10.069807025250945,,,,,,,,,,,,,261.06791611693905,937.7358277534324,62.31611945250394
2026-01-07 12:00:00,SYS-1,IU-3,IU,cool,False,0,24.0,24.270453279343876,24.280035956198628,,11.874618606905505,9.819088618866347,,,,,,,,,,,,,270.80925658576746,922.9171974574605,47.68293657649099
2026-01-07 12:15:00,SYS-1,IU-3,IU,cool,False,0,24.0,23.627695464608426,23.571290249136894,,12.537395131324399,9.812082207938996,,,,,,,,,,,,,251.77988472865744,880.8059494039982,52.759103735135106
2026-01-07 12:30:00,SYS-1,IU-3,IU,cool,False,0,24.0,23.924162625298777,24.265956347633885,,11.809059659845902,9.805399226328534,,,,,,,,,,,,,253.32470606956892,892.1997743522728,49.53493555600259
2026-01-07 12:45:00,SYS-1,IU-3,IU,cool,False,0,24.0,23.609397285974755,23.504506850642542,,10.749500453416848,9.517885035808265,,,,,,,,,,,,,230.84067404915393,870.0015759933106,48.225979605390116
2026-01-07 13:00:00,SYS-1,IU-3,IU,cool,False,0,24.0,24.03489625406598,23.632963844725975,,12.45972303437701,9.372630981056357,,,,,,,,,,,,,221.3440328667139,866.8020424000098,42.257440491402534
2026-01-07 13:15:00,SYS-1,IU-3,IU,cool,False,0,24.0,23.9101702453297,23.913236687408865,,11.768884023513689,8.321990658645154,,,,,,,,,,,,,230.9676940831535,856.459535014881,44.819751963396776
2026-01-07 13:30:00,SYS-1,IU-3,IU,cool,False,0,24.0,23.30080541645739,23.281621457746045,,10.726239149953955,9.787274437396414,,,,,,,,,,,,,189.27075872867135,841.7693735908982,39.82089758530788
2026-01-07 13:45:00,SYS-1,IU-3,IU,cool,False,0,24.0,23.943199702677497,23.954079624069898,,10.949006500525554,8.803791184055221,,,,,,,,,,,,,229.71905458542892,820.4335132917088,45.45371085956619
2026-01-07 14:00:00,SYS-1,IU-3,IU,cool,False,0,24.0,23.146869148134407,22.813903653551485,,10.577668441894135,8.877626959775474,,,,,,,,,,,,,234.34573077479132,792.2940156443603,42.53655738252563
2026-01-07 14:15:00,SYS-1,IU-3,IU,cool,False,0,24.0,23.780521975911366,23.981834464206518,,10.910620065732152,8.475190970432182,,,,,,,,,,,,,218.14945918730393,836.8972463753621,33.84087318859562
2026-01-07 14:30:00,SYS-1,IU-3,IU,cool,False,0,24.0,23.442913680821565,23.417181373671177,,10.966568178266582,9.282080811858895,,,,,,,,,,,,,210.6908319709118,849.4279588839613,31.04174265012594
2026-01-07 14:45:00,SYS-1,IU-3,IU,cool,False,0,24.0,23.074920380232456,23.04694624378869,,10.792509401001684,8.229154559586746,,,,,,,,,,,,,226.4562707035156,803.1175808774426,35.92235337074311
2026-01-07 15:00:00,SYS-1,IU-3,IU,cool,False,0,24.0,22.954330524653763,22.625951029553875,,10.306412428850852,8.837948148574974,,,,,,,,,,,,,207.35230778948946,824.5827714467783,40.390203892304626
2026-01-07 15:15:00,SYS-1,IU-3,IU,cool,False,0,24.0,23.149610054323453,23.22232966905452,,10.122648677387092,9.085474024820458,,,,,,,,,,,,,219.36657099740245,802.0163293841966,38.48784050888869
2026-01-07 15:30:00,SYS-1,IU-3,IU,cool,False,0,24.0,23.190757548996846,23.158393815828397,,10.808786639143868,9.236044714728559,,,,,,,,,,,,,234.29805487514523,809.856184780047,34.639290364692364
2026-01-07 15:45:00,SYS-1,IU-3,IU,cool,False,0,24.0,22.950194128640824,23.194058561795778,,10.290112972726886,8.93116555968868,,,,,,,,,,,,,210.89880034206433,784.3473356809301,17.465634691604308
2026-01-07 16:00:00,SYS-1,IU-3,IU,cool,False,0,24.0,23.29122495541017,23.190594110991107,,11.318839342125388,8.577731091292277,,,,,,,,,,,,,211.90972277910106,791.277161929579,30.67543024338295
2026-01-07 16:15:00,SYS-1,IU-3,IU,cool,False,0,24.0,22.681193555626386,22.420732926447922,,9.829358425702324,7.607701596516604,,,,,,,,,,,,,203.67236304667247,789.9009653607927,28.67265662803587
2026-01-07 16:30:00,SYS-1,IU-3,IU,cool,False,0,24.0,23.06515118076428,23.07060960087735,,10.520406041666181,8.7976296688367,,,,,,,,,,,,,198.5679899702996,742.9348881838679,30.026126776356648
2026-01-07 16:45:00,SYS-1,IU-3,IU,cool,False,0,24.0,23.04446448816568,22.846858753909487,,10.128970478846426,8.70049357034711,,,,,,,,,,,,,197.53765179019192,790.1706074791948,25.015619860051565
2026-01-07 17:00:00,SYS-1,IU-3,IU,cool,False,0,24.0,22.473059549154048,22.534417720841105,,9.713260659137799,8.487700473421485,,,,,,,,,,,,,193.40930747550257,781.075732253533,28.48476753627968
2026-01-07 17:15:00,SYS-1,IU-3,IU,cool,False,0,24.0,23.10167747026975,22.871112802435952,,10.674560154690296,8.440617121494759,,,,,,,,,,,,,207.11025733842533,734.0834711665028,26.949253709911428
2026-01-07 17:30:00,SYS-1,IU-3,IU,cool,False,0,24.0,22.626907917664486,22.58218185159057,,10.074801176684051,8.056753374768668,,,,,,,,,,,,,167.74513130817814,793.1807195581473,43.62149817479586
2026-01-07 17:45:00,SYS-1,IU-3,IU,cool,False,0,24.0,22.256153861549514,22.192414920714096,,9.586914328049495,7.748655462475422,,,,,,,,,,,,,186.6849107310021,779.2257228580776,33.381953496195706
2026-01-07 18:00:00,SYS-1,IU-3,IU,cool,False,0,24.0,22.809937471324083,22.783698233929286,,9.85103244346829,8.541754353755126,,,,,,,,,,,,,199.82901406981668,783.552959119159,28.83243298800085
2026-01-07 18:15:00,SYS-1,IU-3,IU,cool,False,0,24.0,22.925727546257374,22.80600439047267,,10.479392612112324,8.642282028739842,,,,,,,,,,,,,178.4141526593082,786.8285587551838,29.612887700825365
2026-01-07 18:30:00,SYS-1,IU-3,IU,cool,False,0,24.0,23.26660589556888,23.0891467547512,,9.445098106455426,7.50110373727617,,,,,,,,,,,,,189.39919389264205,772.5857675565851,29.41824841228657
2026-01-07 18:45:00,SYS-1,IU-3,IU,cool,False,0,24.0,22.866718018193996,22.83556420545163,,10.682295184716418,8.497508448059,,,,,,,,,,,,,181.5867393854787,761.1317133473689,31.22433194713409
2026-01-07 19:00:00,SYS-1,IU-3,IU,cool,False,0,24.0,23.460186860212563,23.327788819674556,,10.388103010439938,8.194100467696234,,,,,,,,,,,,,198.76320233079454,775.0771649082434,28.62089864512735
2026-01-07 19:15:00,SYS-1,IU-3,IU,cool,False,0,24.0,23.468953089563712,23.479076893539233,,9.97607966280065,8.552069413680329,,,,,,,,,,,,,205.97861805332303,777.6953164807394,31.037828625474795
2026-01-07 19:30:00,SYS-1,IU-3,IU,cool,False,0,24.0,23.389949483700924,23.317446283050696,,10.785975737115393,8.293072291574655,,,,,,,,,,,,,215.81886892755733,831.5839127703205,36.84923723329889
2026-01-07 19:45:00,SYS-1,IU-3,IU,cool,False,0,24.0,23.485070525466245,23.028606531753233,,11.02326907446315,8.764832772202068,,,,,,,,,,,,,203.79078719228494,827.5566531909448,36.546112581283566
2026-01-07 20:00:00,SYS-1,IU-3,IU,cool,False,0,24.0,23.228507680980155,23.196886918666017,,10.547744342583828,8.783806758876555,,,,,,,,,,,,,188.12537375315657,786.2095737806344,34.69789644087239
2026-01-07 20:15:00,SYS-1,IU-3,IU,cool,False,0,24.0,22.99502232284881,23.245466359835806,,10.416776902304616,8.78438387582145,,,,,,,,,,,,,204.12004708464178,791.7797622950932,40.69139835213465
2026-01-07 20:30:00,SYS-1,IU-3,IU,cool,False,0,24.0,23.389184914093395,23.428537710088843,,11.276477479396519,7.731369763817497,,,,,,,,,,,,,210.96228517106945,810.5720373951375,36.09039662960081
2026-01-07 20:45:00,SYS-1,IU-3,IU,cool,False,0,24.0,23.52513243108788,23.621910573585104,,11.195211307711828,8.912425302680717,,,,,,,,,,,,,225.52371416398773,820.2372904555293,31.08143664458579
2026-01-07 21:00:00,SYS-1,IU-3,IU,cool,False,0,24.0,23.354479108764313,23.42339778153342,,10.152376497112426,8.61659550690236,,,,,,,,,,,,,177.21095939552237,801.2926136741169,28.35858438370971
2026-01-07 21:15:00,SYS-1,IU-3,IU,cool,False,0,24.0,23.259232445558176,23.148534773273546,,10.584607090084988,8.126603052894508,,,,,,,,,,,,,216.15887151991208,801.0430556873089,34.827301752719414
2026-01-07 21:30:00,SYS-1,IU-3,IU,cool,False,0,24.0,22.918789274313003,22.640284389813555,,10.681807023312066,9.141245977828575,,,,,,,,,,,,,187.66758834889436,863.8676302140614,39.265247638096874
2026-01-07 21:45:00,SYS-1,IU-3,IU,cool,False,0,24.0,23.635239609080823,23.77278732048102,,10.696695775820904,8.214651241748602,,,,,,,,,,,,,227.31748886829982,853.275536065248,42.90681886724333
2026-01-07 22:00:00,SYS-1,IU-3,IU,cool,False,0,24.0,23.594961737848507,23.78000576743583,,10.299466704646564,9.452691948633811,,,,,,,,,,,,,226.77727010368181,809.4382931167489,47.70124594493165
2026-01-07 22:15:00,SYS-1,IU-3,IU,cool,False,0,24.0,23.163857970325495,23.254187261785454,,11.537571279739536,9.965972799744074,,,,,,,,,,,,,231.01806920974093,812.252472949779,40.86294913089004
2026-01-07 22:30:00,SYS-1,IU-3,IU,cool,False,0,24.0,23.63770841055976,23.70044043218636,,11.273824417970099,8.992255288488339,,,,,,,,,,,,,240.12650846182393,837.5746725646362,41.19286348615764
2026-01-07 22:45:00,SYS-1,IU-3,IU,cool,False,0,24.0,23.883164540283428,23.940150459897033,,11.4033647617731,9.82276281438128,,,,,,,,,,,,,236.63504264453132,865.1721686252183,50.630538206371085
2026-01-07 23:00:00,SYS-1,IU-3,IU,cool,False,0,24.0,23.69985384456422,23.67489799203798,,12.141824720409751,9.715179884514345,,,,,,,,,,,,,225.59968911745702,879.0241264539305,54.23268992546224
2026-01-07 23:15:00,SYS-1,IU-3,IU,cool,False,0,24.0,24.027607873894514,24.06116691961507,,11.345142647362612,9.941981160175894,,,,,,,,,,,,,243.72820759696577,869.4631554153517,47.52668370794392
2026-01-07 23:30:00,SYS-1,IU-3,IU,cool,False,0,24.0,24.083562094839152,24.066345618183817,,11.712279059936131,9.075967533612182,,,,,,,,,,,,,259.76970076968064,852.5034379801496,53.22859722394218
2026-01-07 23:45:00,SYS-1,IU-3,IU,cool,False,0,24.0,23.4887615787166,23.532389302720727,,11.997523698446129,10.181379055072002,,,,,,,,,,,,,244.80904644473912,895.8628352553156,60.06203830835604
2026-01-08 00:00:00,SYS-1,IU-3,IU,cool,False,0,24.0,23.90183493938717,23.69935915236678,,11.797353626149109,10.076165701534924,,,,,,,,,,,,,250.79875254689227,911.1259518867122,56.4076711564054
2026-01-08 00:15:00,SYS-1,IU-3,IU,cool,False,0,24.0,24.199705079815878,24.058359389864208,,12.078768505624863,10.50812452092524,,,,,,,,,,,,,236.94438059856608,907.2748315432253,56.15984739803625
2026-01-08 00:30:00,SYS-1,IU-3,IU,cool,False,0,24.0,24.392643323885636,24.483145993606584,,12.620301281836163,10.27559635735844,,,,,,,,,,,,,274.85599184342163,905.4989806069917,47.63897356928291
2026-01-08 00:45:00,SYS-1,IU-3,IU,cool,False,0,24.0,24.603253930228515,24.518248464484927,,12.38613186641931,10.944873481999156,,,,,,,,,,,,,254.87095483857226,934.0027019540051,66.32427293558142
2026-01-08 01:00:00,SYS-1,IU-3,IU,cool,False,0,24.0,23.682180521828048,23.195081395927705,,13.141832139818586,10.664716090093316,,,,,,,,,,,,,255.2860264161212,929.3926595308695,64.49922495280728
2026-01-08 01:15:00,SYS-1,IU-3,IU,cool,False,0,24.0,24.292754815665685,24.297434790794167,,12.290732365653344,10.991336181582303,,,,,,,,,,,,,263.27546476996827,916.2514241466487,63.46623409694506
2026-01-08 01:30:00,SYS-1,IU-3,IU,cool,False,0,24.0,24.585432564191233,24.12433104925002,,12.860009862211045,11.456144312341085,,,,,,,,,,,,,261.01895645117025,947.1752833698854,62.03487963571367
2026-01-08 01:45:00,SYS-1,IU-3,IU,cool,False,0,24.0,24.795543949106165,25.14533679013466,,12.215081946250372,10.986904359334368,,,,,,,,,,,,,273.33448943909895,927.3615016622541,59.60700884677294
2026-01-08 02:00:00,SYS-1,IU-3,IU,cool,False,0,24.0,24.990426318778503,25.10999645783283,,12.944524115223695,11.505140617337458,,,,,,,,,,,,,298.6717795217768,978.127413760908,66.79977433928063
2026-01-08 02:15:00,SYS-1,IU-3,IU,cool,False,0,24.0,24.269761006307206,24.380198041410036,,12.781496305415223,11.236427191330701,,,,,,,,,,,,,295.09446672413515,975.1875558129526,68.1533255846084
2026-01-08 02:30:00,SYS-1,IU-3,IU,cool,False,0,24.0,24.489340356013418,24.341991202052558,,13.85692880309939,11.489111390777186,,,,,,,,,,,,,307.33253588438356,953.1162467840717,75.52131500216626
2026-01-08 02:45:00,SYS-1,IU-3,IU,cool,False,0,24.0,24.33823643196974,24.101556099893642,,13.668201992310431,11.070971957994049,,,,,,,,,,,,,311.2534453304821,982.6493667436374,65.20740151668103
2026-01-08 03:00:00,SYS-1,IU-3,IU,cool,False,0,24.0,24.940249459538506,24.88021438371612,,13.653260212905257,11.811580437527736,,,,,,,,,,,,,279.9958962385868,1008.5688100759213,79.7042993608992
2026-01-08 03:15:00,SYS-1,IU-3,IU,cool,False,0,24.0,24.350689280306675,24.33545131920505,,14.37034419935246,12.124500407464872,,,,,,,,,,,,,302.39067190155714,947.948425761174,73.77117855277822
2026-01-08 03:30:00,SYS-1,IU-3,IU,cool,False,0,24.0,25.134846271850016,24.96737320213095,,14.26483313578048,11.560202107356803,,,,,,,,,,,,,319.4710674339378,991.8900466354665,80.58423415243425
2026-01-08 03:45:00,SYS-1,IU-3,IU,cool,False,0,24.0,25.09971807803462,25.111252604404875,,14.000492340383262,12.069883223808667,,,,,,,,,,,,,333.1733687051734,1031.2010757622957,70.72327374381432
2026-01-08 04:00:00,SYS-1,IU-3,IU,cool,False,0,24.0,25.001266473478527,25.114672251882446,,13.407737153617957,11.958421586245983,,,,,,,,,,,,,282.0932543543708,973.13510462192,78.18812693806335
2026-01-08 04:15:00,SYS-1,IU-3,IU,cool,False,0,24.0,24.24462615082715,24.341227090800334,,13.114011396387543,11.262024860085303,,,,,,,,,,,,,283.8028436139432,1003.76888781423,83.33982271331513
2026-01-08 04:30:00,SYS-1,IU-3,IU,cool,False,0,24.0,24.714071636051163,24.495323795522136,,13.833779722916,12.037004583694683,,,,,,,,,,,,,312.53226094202773,982.5335705535202,78.47157858492412
2026-01-08 04:45:00,SYS-1,IU-3,IU,cool,False,0,24.0,25.159697947811296,24.724694371984455,,13.72663207498657,12.560613280618275,,,,,,,,,,,,,302.4040567263261,1011.7142982784068,71.10322937797949
2026-01-08 05:00:00,SYS-1,IU-3,IU,cool,False,0,24.0,24.53699820848114,24.518978549426826,,13.627559570948627,11.707251552689556,,,,,,,,,,,,,294.1095544261278,968.5423694513926,77.29283045766202
2026-01-08 05:15:00,SYS-1,IU-3,IU,cool,False,0,24.0,24.90061322241341,24.75529438815793,,13.82492936904891,11.097455469517701,,,,,,,,,,,,,314.68577060871,985.4763699377713,82.00293173577013
2026-01-08 05:30:00,SYS-1,IU-3,IU,cool,False,0,24.0,24.951370292662368,25.01870406578495,,13.204583792125366,12.09949613301508,,,,,,,,,,,,,298.5842642913349,1007.8946842281752,72.57245546426076
2026-01-08 05:45:00,SYS-1,IU-3,IU,cool,False,0,24.0,25.25237826457997,25.549377530364705,,14.69728927837088,11.694202523049922,,,,,,,,,,,,,277.7627897188737,1021.831920547893,72.50579444686012
2026-01-08 06:00:00,SYS-1,IU-3,IU,cool,False,0,24.0,25.07456654014049,25.371389083951545,,13.463176496695908,12.952007544480907,,,,,,,,,,,,,310.0411336847297,1026.7737261771074,80.97873537459697
2026-01-08 06:15:00,SYS-1,IU-3,IU,cool,False,0,24.0,25.070015416297867,25.10677002931789,,13.679385728756234,11.991687925591293,,,,,,,,,,,,,312.035530505252,1027.4313477050334,74.98230288049871
2026-01-08 06:30:00,SYS-1,IU-3,IU,cool,False,0,24.0,24.851790024509214,25.046495313593915,,14.2512310467852,11.996846406798982,,,,,,,,,,,,,318.97985775654575,1040.7773718434025,82.99832265267744
2026-01-08 06:45:00,SYS-1,IU-3,IU,cool,False,0,24.0,24.97316675612278,25.27062193743377,,13.194833830049486,11.668133404980662,,,,,,,,,,,,,322.67806097236706,1030.7116249664862,73.42723514922011
2026-01-08 07:00:00,SYS-1,IU-3,IU,cool,False,0,24.0,24.916913832648973,24.907759669196498,,14.365792842310995,12.071547276735863,,,,,,,,,,,,,310.93080782201304,1029.7149482956518,69.74646210269088
2026-01-08 07:15:00,SYS-1,IU-3,IU,cool,False,0,24.0,25.15345588107653,25.18776726863856,,14.335798081901357,11.632741648198559,,,,,,,,,,,,,303.7911792798863,993.9063684841042,74.58260459893695
2026-01-08 07:30:00,SYS-1,IU-3,IU,cool,False,0,24.0,24.86147060900249,25.00713941072178,,13.700448383079149,11.42029383720278,,,,,,,,,,,,,296.2509497874714,1007.2068292014222,85.376633137347
2026-01-08 07:45:00,SYS-1,IU-3,IU,cool,False,0,24.0,25.193897869462063,25.169327606513722,,13.285638265006941,11.779953436748524,,,,,,,,,,,,,280.57770924917133,1069.2252457677785,72.89600553227677
2026-01-08 08:00:00,SYS-1,IU-3,IU,cool,False,0,24.0,24.35350581873999,24.240183991207946,,13.508688047968363,11.350217526975365,,,,,,,,,,,,,296.03657912988456,1047.6278025966842,76.42360619615597
2026-01-08 08:15:00,SYS-1,IU-3,IU,cool,False,0,24.0,25.177923087333898,25.016636684000204,,12.790318548173655,12.328701718163181,,,,,,,,,,,,,314.5153883674104,1015.3772906985006,76.82348135919568
2026-01-08 08:30:00,SYS-1,IU-3,IU,cool,False,0,24.0,24.73359227093859,24.71745201846408,,14.241427043709212,11.030194536551262,,,,,,,,,,,,,307.2746279139083,1009.0656608026198,69.87658711399912
2026-01-08 08:45:00,SYS-1,IU-3,IU,cool,False,0,24.0,25.07687060307215,24.940559025606373,,13.529262376829118,11.484851735835317,,,,,,,,,,,,,324.8349412152047,1008.955668024094,79.06674487041876
2026-01-08 09:00:00,SYS-1,IU-3,IU,cool,False,0,24.0,24.722519528741262,24.858152250640806,,13.06680701209503,11.09303065514394,,,,,,,,,,,,,290.5871842672653,976.3546184037598,73.36787783098082
2026-01-08 09:15:00,SYS-1,IU-3,IU,cool,False,0,24.0,24.903264774009834,24.822382394506427,,12.890396802649187,10.657660840756549,,,,,,,,,,,,,264.351068514903,1016.869561366988,73.51841507039757
2026-01-08 09:30:00,SYS-1,IU-3,IU,cool,False,0,24.0,25.042146382993675,25.305443698373583,,13.488300023300074,12.051866506903934,,,,,,,,,,,,,298.7029818752548,965.0982849797937,61.59543585107858
2026-01-08 09:45:00,SYS-1,IU-3,IU,cool,False,0,24.0,24.381903422107758,24.596869607630307,,13.820758169434699,10.095937259988876,,,,,,,,,,,,,298.5218977990319,964.4634178944083,59.926389991433325
2026-01-08 10:00:00,SYS-1,IU-3,IU,cool,False,0,24.0,24.51425944241082,24.260380431347738,,12.398579769743435,11.731660368648013,,,,,,,,,,,,,263.60066984612877,1002.0408767797521,53.5019652500935
2026-01-08 10:15:00,SYS-1,IU-3,IU,cool,False,0,24.0,24.38243158544856,24.57259769158429,,12.61315573392571,10.208770827642503,,,,,,,,,,,,,253.75902008004917,911.7008143958567,64.9123265927093
2026-01-08 10:30:00,SYS-1,IU-3,IU,cool,False,0,24.0,24.43492636326919,24.341404229024523,,11.934723994349904,10.82718794617631,,,,,,,,,,,,,275.4684957237272,952.4203230793623,63.224506288080974
2026-01-08 10:45:00,SYS-1,IU-3,IU,cool,False,0,24.0,23.831911113546614,24.077699449015398,,12.962147419654409,11.771352990760874,,,,,,,,,,,,,279.7983354707594,904.1950729332078,66.46556839891205
2026-01-08 11:00:00,SYS-1,IU-3,IU,cool,False,0,24.0,24.198535723055514,24.280453274853937,,12.591594843735894,9.490783580123928,,,,,,,,,,,,,249.80797949980098,917.6491755116737,68.71865972190815
2026-01-08 11:15:00,SYS-1,IU-3,IU,cool,False,0,24.0,24.11166320230707,24.086879285217282,,13.457734454368676,9.734306952800514,,,,,,,,,,,,,257.1599511330567,921.0133637731964,58.41577378043812
2026-01-08 11:30:00,SYS-1,IU-3,IU,cool,False,0,24.0,23.88790219159888,24.000460235601583,,12.203169214408907,10.922337339690944,,,,,,,,,,,,,247.0278711659452,908.152771278212,56.72643179828001
2026-01-08 11:45:00,SYS-1,IU-3,IU,cool,False,0,24.0,23.99812955787284,23.875866898973634,,11.924835129092239,10.233335568519735,,,,,,,,,,,,,237.30554283829596,910.6593147180653,58.70082128827376
2026-01-08 12:00:00,SYS-1,IU-3,IU,cool,False,0,24.0,23.53316224693927,23.580353471137798,,11.664690611350888,9.749650851966502,,,,,,,,,,,,,231.45285763732426,884.3272759235489,62.46751502344922
2026-01-08 12:15:00,SYS-1,IU-3,IU,cool,False,0,24.0,24.339375286014032,24.3973796236944,,12.272618848907463,9.871114513368362,,,,,,,,,,,,,248.37914046615066,889.5215783287043,49.0516403959913
2026-01-08 12:30:00,SYS-1,IU-3,IU,cool,False,0,24.0,23.992310277653374,23.948818553436098,,10.968694555356992,9.283456986681106,,,,,,,,,,,,,237.13087891327575,860.4176630513507,54.6824884665195
2026-01-08 12:45:00,SYS-1,IU-3,IU,cool,False,0,24.0,24.353665519661327,24.4122890177248,,11.964815918696015,9.687460536229167,,,,,,,,,,,,,228.9792994195062,868.3739036659435,48.69792417732847
2026-01-08 13:00:00,SYS-1,IU-3,IU,cool,False,0,24.0,23.472419435895656,23.266536940490692,,11.5991308014479,10.232694676650024,,,,,,,,,,,,,197.40395661939903,841.0651406470535,46.66653058136537
2026-01-08 13:15:00,SYS-1,IU-3,IU,cool,False,0,24.0,23.32291363782103,23.41431006703704,,11.117949413366558,9.187194240182457,,,,,,,,,,,,,256.0260933749302,873.7305652210584,50.85780256895107
2026-01-08 13:30:00,SYS-1,IU-3,IU,cool,False,0,24.0,23.691182793164312,23.445223433681374,,10.80747610519294,9.32051450434873,,,,,,,,,,,,,213.7994881516539,828.0106991706066,41.28821162697305
2026-01-08 13:45:00,SYS-1,IU-3,IU,cool,False,0,24.0,23.053484967812956,23.157560113655794,,11.614625191605056,9.722986464675714,,,,,,,,,,,,,221.77692195273278,859.97285896784,38.4068165775619
2026-01-08 14:00:00,SYS-1,IU-3,IU,cool,False,0,24.0,23.55712575584648,23.632546492135937,,11.881303478672919,9.992065180677324,,,,,,,,,,,,,203.97608690293572,831.2538919794606,45.64585028496686
2026-01-08 14:15:00,SYS-1,IU-3,IU,cool,False,0,24.0,23.226143433233634,23.346838425104142,,10.677766419343447,8.618310655075717,,,,,,,,,,,,,222.35451240010892,826.7595697003535,40.79972824274193
2026-01-08 14:30:00,SYS-1,IU-3,IU,cool,False,0,24.0,23.28216713503387,23.161604297586344,,11.033177611887032,8.947531170647466,,,,,,,,,,,,,192.12332183302888,849.5947131842705,38.27732017489602
2026-01-08 14:45:00,SYS-1,IU-3,IU,cool,False,0,24.0,23.405932478049607,23.970367722723044,,11.506659563193573,8.423162539153456,,,,,,,,,,,,,212.03569564138505,822.4135395689053,37.664803779134125
2026-01-08 15:00:00,SYS-1,IU-3,IU,cool,False,0,24.0,23.296412001450765,23.23933370448348,,10.292045319915509,8.287592521220308,,,,,,,,,,,,,205.1258563860574,777.2111696259224,39.625757857328736
2026-01-08 15:15:00,SYS-1,IU-3,IU,cool,False,0,24.0,23.789930243883145,23.8051587815108,,10.37697452177141,8.317892318642269,,,,,,,,,,,,,218.2819438377116,819.029077748756,34.16865895099365
2026-01-08 15:30:00,SYS-1,IU-3,IU,cool,False,0,24.0,23.383818159387666,23.226617459707757,,9.835129020762304,8.121003037359722,,,,,,,,,,,,,186.9418828823536,747.0008706924037,38.815569477157595
2026-01-08 15:45:00,SYS-1,IU-3,IU,cool,False,0,24.0,22.775440890743692,23.034580459965444,,10.26701517827144,7.5065788295281015,,,,,,,,,,,,,191.05384970273894,804.8905490066822,36.10434905982217
2026-01-08 16:00:00,SYS-1,IU-3,IU,cool,False,0,24.0,23.414251607175043,23.311501310511506,,10.229301505426449,7.310430813656387,,,,,,,,,,,,,194.8987419902248,787.5727512018983,40.585397457096896
2026-01-08 16:15:00,SYS-1,IU-3,IU,cool,False,0,24.0,22.69588593495574,22.87209902856441,,10.007878214111852,7.865905871137942,,,,,,,,,,,,,226.40412402072135,764.1647134034778,38.733016740342364
2026-01-08 16:30:00,SYS-1,IU-3,IU,cool,False,0,24.0,23.091421844821465,22.89885407222803,,9.801691372115666,8.23466383293346,,,,,,,,,,,,,173.68386551170795,790.0924461725821,36.013260881103115
2026-01-08 16:45:00,SYS-1,IU-3,IU,cool,False,0,24.0,22.673006010843228,22.719489025950047,,9.355180608566213,8.71894049647681,,,,,,,,,,,,,197.56667699335858,779.6857694980374,30.132339985694575
2026-01-08 17:00:00,SYS-1,IU-3,IU,cool,False,0,24.0,22.77823024481109,22.695262782847777,,9.430035404489367,7.826008418169125,,,,,,,,,,,,,182.87389906665155,823.1030425235468,31.264845778964357
2026-01-08 17:15:00,SYS-1,IU-3,IU,cool,False,0,24.0,23.398191155787266,23.56307361160403,,9.574824393569084,7.974151908980375,,,,,,,,,,,,,195.81635088007343,773.047742236202,27.334568434018223
2026-01-08 17:30:00,SYS-1,IU-3,IU,cool,False,0,24.0,22.832909411706712,22.76552580180463,,10.321426631456221,8.358507978364544,,,,,,,,,,,,,200.07123035248713,818.8065282738728,44.30478591457624
2026-01-08 17:45:00,SYS-1,IU-3,IU,cool,False,0,24.0,22.800604266339022,22.62459417942438,,9.762614042052942,8.384590329730193,,,,,,,,,,,,,192.3421568633645,806.9939559210336,28.767059895584996
2026-01-08 18:00:00,SYS-1,IU-3,IU,cool,False,0,24.0,22.82272114595325,22.89690056694739,,9.595621739884116,7.961526266551043,,,,,,,,,,,,,193.9514035008496,767.3241403181111,32.6053235951235
2026-01-08 18:15:00,SYS-1,IU-3,IU,cool,False,0,24.0,22.898793355353135,22.660464169189613,,10.315920822151714,7.995883170406161,,,,,,,,,,,,,194.3159184472418,763.5172067004686,36.678862585844485
2026-01-08 18:30:00,SYS-1,IU-3,IU,cool,False,0,24.0,23.42503776869341,23.231743161868266,,10.284353307344569,8.952210453910027,,,,,,,,,,,,,182.28335003385035,806.5495207413851,23.22016468325397
2026-01-08 18:45:00,SYS-1,IU-3,IU,cool,False,0,24.0,22.658851867859646,22.79346062174864,,9.680055466242171,7.892281360110313,,,,,,,,,,,,,188.23515070140633,779.0139917623616,26.174377309241848
2026-01-08 19:00:00,SYS-1,IU-3,IU,cool,False,0,24.0,22.65658776943853,22.290005167542834,,9.770470449392672,7.845863142338971,,,,,,,,,,,,,168.4907916456637,786.6532614724233,28.703579449955136
2026-01-08 19:15:00,SYS-1,IU-3,IU,cool,False,0,24.0,23.213796363854886,23.347041284704495,,10.420053347949285,7.3274004959000205,,,,,,,,,,,,,188.26928167112857,780.729893393568,26.178741875920448
2026-01-08 19:30:00,SYS-1,IU-3,IU,cool,False,0,24.0,22.592187011393467,22.505291479420006,,10.325720781166806,8.382031426746929,,,,,,,,,,,,,183.7240695834566,764.5766898326564,25.38679214991565
2026-01-08 19:45:00,SYS-1,IU-3,IU,cool,False,0,24.0,22.98345417286513,22.79904122274089,,9.808946287150057,8.09480594588295,,,,,,,,,,,,,192.6999243497982,784.3971121863591,29.82303618807544
2026-01-08 20:00:00,SYS-1,IU-3,IU,cool,False,0,24.0,23.458007168822583,23.493851725364692,,10.382306960367027,9.22070862590309,,,,,,,,,,,,,208.73772037004463,776.4667395832722,39.6469552416838
2026-01-08 20:15:00,SYS-1,IU-3,IU,cool,False,0,24.0,23.157450041397134,23.267007958022702,,10.323078447284999,8.190760439110083,,,,,,,,,,,,,205.73437847343763,769.288055132566,37.66886538167982
2026-01-08 20:30:00,SYS-1,IU-3,IU,cool,False,0,24.0,23.052854542932035,22.93182839524116,,10.943108942864637,8.828556563245327,,,,,,,,,,,,,209.28474729047608,798.3840023219967,35.174356469912496
2026-01-08 20:45:00,SYS-1,IU-3,IU,cool,False,0,24.0,23.025997492453634,22.98258660479399,,10.083550096860948,8.97086896372023,,,,,,,,,,,,,220.8322500778189,844.5610218178131,36.180505014071926
2026-01-08 21:00:00,SYS-1,IU-3,IU,cool,False,0,24.0,23.00939483409784,23.15131337947785,,11.005909962986774,9.410175592239337,,,,,,,,,,,,,173.57545265588806,846.6115954930992,28.848454931146968
2026-01-08 21:15:00,SYS-1,IU-3,IU,cool,False,0,24.0,23.15356876919765,23.286655547931524,,10.886985409297884,8.057495653998362,,,,,,,,,,,,,216.73416595005895,819.0530523301201,41.83709798927416
2026-01-08 21:30:00,SYS-1,IU-3,IU,cool,False,0,24.0,23.41947943683425,23.400293652567466,,10.302290320138606,9.566378487288786,,,,,,,,,,,,,213.25853080357558,829.0423687367996,41.749959848248174
2026-01-08 21:45:00,SYS-1,IU-3,IU,cool,False,0,24.0,23.800786998315843,23.645528829677453,,11.390809982716135,8.913029674887094,,,,,,,,,,,,,215.387457306528,842.9090807503218,35.5353787519351
2026-01-08 22:00:00,SYS-1,IU-3,IU,cool,False,0,24.0,23.77388255098539,23.585484748019926,,11.43298935499149,8.966579509505527,,,,,,,,,,,,,201.4147184784426,866.392792679754,43.3739907282882
2026-01-08 22:15:00,SYS-1,IU-3,IU,cool,False,0,24.0,23.377510363183905,23.255624805463395,,10.487185283456872,8.98120973648175,,,,,,,,,,,,,231.4505651740201,852.6492893729962,42.81887877207452
2026-01-08 22:30:00,SYS-1,IU-3,IU,cool,False,0,24.0,23.38776669098901,23.507556170421044,,12.178969042726226,9.059009092750971,,,,,,,,,,,,,243.59170079111047,844.0014516399349,42.681037200243566
2026-01-08 22:45:00,SYS-1,IU-3,IU,cool,False,0,24.0,23.871692857242977,23.972316583539975,,10.810749621604389,9.20636596010378,,,,,,,,,,,,,245.54070952066778,853.058553018617,41.858660029358134
2026-01-08 23:00:00,SYS-1,IU-3,IU,cool,False,0,24.0,23.190000245148234,23.239029424430452,,11.04429961608499,8.358249813220539,,,,,,,,,,,,,233.34808994716147,890.8580743750686,44.99132106184417
2026-01-08 23:15:00,SYS-1,IU-3,IU,cool,False,0,24.0,23.661520576740138,23.916564538642056,,11.456016933561287,9.877108221273572,,,,,,,,,,,,,247.54035080660998,927.7204736281493,45.24898018235439
2026-01-08 23:30:00,SYS-1,IU-3,IU,cool,False,0,24.0,23.759673359943008,23.69475975625077,,12.106335451692315,9.787178727159374,,,,,,,,,,,,,255.47078445208828,871.3031268870317,53.88699706666476
2026-01-08 23:45:00,SYS-1,IU-3,IU,cool,False,0,24.0,23.59171159344981,23.511857383046227,,12.14723476299401,9.421659057938264,,,,,,,,,,,,,272.273939643741,850.7933618495413,55.03497702749241
2026-01-06 00:00:00,SYS-1,OU-1,OU,cool,False,0,,,,5.0007380920144895,,,77.78297820144009,8.072245359278227,57.62055580436949,,,5.678863041830932,5.672533483541044,2797.4554288291984,900.7867362523407,57.77900828094541,6.54454881965493,,,,
2026-01-06 00:15:00,SYS-1,OU-1,OU,cool,False,0,,,,5.571666097885941,,,77.08677860976175,6.293750772435853,57.856131964506964,,,5.948862935518522,6.271819513970852,2822.867328472598,891.0240818964646,60.07735701125204,7.018795173638089,,,,
2026-01-06 00:30:00,SYS-1,OU-1,OU,cool,False,0,,,,5.6186744401029785,,,79.19606116824237,8.92869300569093,56.776260088567156,,,5.889457140136616,6.03398700933454,2862.4189661294877,909.5201590920781,55.99613476014505,7.10131352458227,,,,
2026-01-06 00:45:00,SYS-1,OU-1,OU,cool,False,0,,,,5.636186828842405,,,80.24058153575264,8.055324718307789,53.44074550032944,,,6.369491348087914,5.664439607619393,2824.3440716531213,917.0490713611716,71.15368143553766,8.427188166011002,,,,
2026-01-06 01:00:00,SYS-1,OU-1,OU,cool,False,0,,,,6.280111799512091,,,77.94036850422285,9.473542693360944,55.49626577563107,,,6.45827066114893,5.943766456185168,2799.52423648237,955.8210834364457,70.32780560034072,8.5206341483619,,,,
2026-01-06 01:15:00,SYS-1,OU-1,OU,cool,False,0,,,,6.333648858821092,,,79.35159708105634,7.490089375163705,60.1678007768943,,,6.4964803840660155,7.1898272285722165,2855.898638666843,912.9494073044044,71.70337881062586,9.128795846400772,,,,
2026-01-06 01:30:00,SYS-1,OU-1,OU,cool,False,0,,,,7.332186755749001,,,79.64649960616764,9.701864207755785,62.2530765042083,,,6.3513789702829655,5.968053582096592,2876.998250187931,928.7878406096431,72.242679594915,9.147330480186538,,,,
2026-01-06 01:45:00,SYS-1,OU-1,OU,cool,False,0,,,,8.457861288646727,,,82.65804965936968,9.137314640535152,60.016117782160016,,,5.199000311245785,6.752553910160698,2891.743877105858,932.9185518737521,71.49781160612963,8.548731367987346,,,,
2026-01-06 02:00:00,SYS-1,OU-1,OU,cool,False,0,,,,7.704676088869202,,,84.55954304108023,10.146083038135169,62.49463786807139,,,6.787134246129094,6.994022365723325,2939.50070408548,946.55965800063,73.36195575672932,8.730978384189363,,,,
2026-01-06 02:15:00,SYS-1,OU-1,OU,cool,False,0,,,,7.961136458225649,,,83.72186678721141,8.926142869369126,59.34017892335294,,,6.074861598354635,7.08903096804953,2920.6146589530986,960.1464836153226,72.88122946442083,8.367486345503634,,,,
2026-01-06 02:30:00,SYS-1,OU-1,OU,cool,False,0,,,,8.946473804163443,,,82.34596304052108,9.331518667231586,60.70883997686539,,,7.010817484140683,6.422953480057634,2946.1397949508237,941.3436617962977,74.40463402232623,8.72021866042467,,,,
2026-01-06 02:45:00,SYS-1,OU-1,OU,cool,False,0,,,,9.17020709549645,,,85.47227610525475,11.77199852115824,61.595753958127304,,,7.441336218539001,6.860403454907977,2898.8357522022698,940.42738475643,76.7008598243565,9.33171068320661,,,,
2026-01-06 03:00:00,SYS-1,OU-1,OU,cool,False,0,,,,9.305889236518023,,,81.38569264483047,9.457358623209858,62.91726131933547,,,7.170214427213711,7.116998861831263,2967.4584008900456,931.957883255949,83.7249875759188,10.16571773765315,,,,
2026-01-06 03:15:00,SYS-1,OU-1,OU,cool,False,0,,,,8.952758018048941,,,86.26375553802394,9.690697656510629,59.460778893899935,,,6.971985073238102,7.44784341541,3013.254556445484,946.2541171462755,81.01874679420675,9.755321084656998,,,,
2026-01-06 03:30:00,SYS-1,OU-1,OU,cool,False,0,,,,9.742568948269447,,,83.36250541287716,10.15879439114164,64.81486708798894,,,7.118078968894019,6.9320456779512725,2981.8579467657523,971.5148797419477,79.59999300424542,9.850439657778628,,,,
2026-01-06 03:45:00,SYS-1,OU-1,OU,cool,False,0,,,,10.405999590490245,,,80.48131707568828,9.676361856251342,65.95978941175903,,,7.193979367688397,6.781814616603602,2973.9005940587303,967.2022746115517,78.46917210579005,9.184590248784852,,,,
2026-01-06 04:00:00,SYS-1,OU-1,OU,cool,False,0,,,,9.389623694335583,,,88.90441033890265,11.55044164043355,61.36278374016445,,,7.079341455285304,7.700067725340863,2977.82472640912,954.0505223791627,79.11064114496432,9.47645398134068,,,,
2026-01-06 04:15:00,SYS-1,OU-1,OU,cool,False,0,,,,10.106666992572,,,87.54201654374684,12.070628875961468,61.25804807280718,,,7.111793314875432,7.787370570694909,3032.988815477318,966.1583071753422,88.83263858300717,10.879289526509304,,,,
2026-01-06 04:30:00,SYS-1,OU-1,OU,cool,False,0,,,,9.402543551187213,,,83.84321066941013,10.20835374426719,64.93991555434812,,,7.016260912926243,7.533848321186536,2956.9604620005316,974.382456817757,85.12373752969059,10.390092275431245,,,,
2026-01-06 04:45:00,SYS-1,OU-1,OU,cool,False,0,,,,9.907858133099648,,,85.82895400735059,9.459964645274683,63.16067748272615,,,7.89566009290816,7.176880331563603,2986.0529551603995,983.3095943337423,83.94345547062025,10.394498389194156,,,,
2026-01-06 05:00:00,SYS-1,OU-1,OU,cool,False,0,,,,9.690513935059371,,,85.40565743193274,11.835359321259808,59.91759889769492,,,7.442667430158354,7.611593401602458,3006.9913930459597,968.3731508105476,82.76341828861581,10.050716316663415,,,,
2026-01-06 05:15:00,SYS-1,OU-1,OU,cool,False,0,,,,10.743657003774574,,,85.99961344816825,11.829068250643074,66.42501983608304,,,7.853686478882349,7.514902201911191,3018.477089315042,974.7062215673903,80.08341836327864,9.517189436914387,,,,
2026-01-06 05:30:00,SYS-1,OU-1,OU,cool,False,0,,,,10.18820127937664,,,83.70662923467864,11.631661937864301,65.22563744754017,,,7.38714687504275,7.822218762537273,2985.1691351035106,952.0390679098017,84.51867530446567,10.2508987146146,,,,
2026-01-06 05:45:00,SYS-1,OU-1,OU,cool,False,0,,,,11.14991215472464,,,84.96063041190862,11.918785917514942,64.02529523677036,,,7.525655484883672,6.997143198493543,3008.7914264895376,962.5579268255192,88.44110521884589,10.312154067346274,,,,
2026-01-06 06:00:00,SYS-1,OU-1,OU,cool,False,0,,,,11.094050651974536,,,86.70194192412143,10.305979787340958,69.22688858542148,,,7.431846941406595,7.546504308855596,2991.6623555594665,1004.2657348726826,83.42985101265003,9.519744322055066,,,,
2026-01-06 06:15:00,SYS-1,OU-1,OU,cool,False,0,,,,10.874994972653647,,,86.31691564084218,10.85877964277826,65.25639773574537,,,7.681922806868794,7.433162845391459,3003.185918631759,947.0066037686656,84.03750274896285,10.258701864144696,,,,
2026-01-06 06:30:00,SYS-1,OU-1,OU,cool,False,0,,,,9.438613341750553,,,87.73041665600043,9.867046900648992,63.4075884931277,,,7.817821553188882,7.043293806201748,2994.3262260635456,974.2485506203944,83.90198412858935,10.051695995584419,,,,
2026-01-06 06:45:00,SYS-1,OU-1,OU,cool,False,0,,,,10.561495944911401,,,85.96590762936648,9.807825577541042,65.010156428233,,,7.567059769123529,7.557437220368185,2961.9092457449797,981.7507958724223,84.95800948207344,10.287484025773916,,,,
2026-01-06 07:00:00,SYS-1,OU-1,OU,cool,False,0,,,,10.766454390493767,,,89.25123913915954,11.68265852468283,62.57911972802891,,,7.179362273312783,7.462855873785179,2992.55175770711,971.6588274232199,77.77610214224427,8.823826947916887,,,,
2026-01-06 07:15:00,SYS-1,OU-1,OU,cool,False,0,,,,10.749566168572619,,,84.50184370020789,10.30325977853083,62.945887746869566,,,7.108413663462784,7.256251727398259,3015.700571560876,963.6320475091275,82.73165982951728,9.818264972124444,,,,
2026-01-06 07:30:00,SYS-1,OU-1,OU,cool,False,0,,,,9.625195735764484,,,85.7800348480206,12.595295872749908,65.01152092936324,,,8.049487513927243,7.544230798721307,2955.7653577560072,972.994184615093,79.67940624016589,9.381571614700448,,,,
2026-01-06 07:45:00,SYS-1,OU-1,OU,cool,False,0,,,,10.094584483575773,,,82.3005050883613,10.749962312584122,62.86033100290238,,,7.233294042080036,6.777790308007247,2972.1417958432926,971.6753383000809,85.96015866856763,10.055955405807113,,,,
2026-01-06 08:00:00,SYS-1,OU-1,OU,cool,False,0,,,,9.609040975872649,,,83.0485035371287,10.085736359166345,62.75830588990392,,,7.182597245573929,7.277581388408048,2993.148482690602,968.0502712287765,78.56824038835154,8.751684344663447,,,,
2026-01-06 08:15:00,SYS-1,OU-1,OU,cool,False,0,,,,9.503515330159912,,,86.64454583981741,11.13271699987272,66.652585844707,,,7.833207381612758,7.419770084765414,2934.1979692580935,938.3518871669219,83.09492729676641,9.870929230970853,,,,
2026-01-06 08:30:00,SYS-1,OU-1,OU,cool,False,0,,,,10.396659215779058,,,82.93262257111189,11.821069906953205,64.65283096928512,,,7.625174472280093,7.303637153687123,2964.149818183492,961.2572128039678,85.93158331818792,10.580981284632406,,,,
2026-01-06 08:45:00,SYS-1,OU-1,OU,cool,False,0,,,,9.026518039674727,,,84.81073122083396,10.644424189977052,64.12404971500341,,,7.341294886390487,7.558330824001646,2918.5640669271925,947.3204942439448,77.54161014184794,9.419292533580874,,,,
2026-01-06 09:00:00,SYS-1,OU-1,OU,cool,False,0,,,,9.223127664151974,,,83.56419796346529,9.147604206924722,63.12870121626191,,,6.900901557614029,6.580215142107016,2975.4602712623227,948.3525043727207,75.27136452116983,8.852279759640638,,,,
2026-01-06 09:15:00,SYS-1,OU-1,OU,cool,False,0,,,,9.486708811030319,,,81.7079430842692,10.274839686808257,62.56186127444908,,,7.930297759451786,6.3858665527970055,3001.2538044764096,956.1522866581273,77.24937441400608,9.26546213818564,,,,
2026-01-06 09:30:00,SYS-1,OU-1,OU,cool,False,0,,,,8.302408314406343,,,82.34771752078903,10.926762735879546,64.0007840879015,,,7.070331658557067,7.008769240336385,2982.4199443291172,958.3118455779061,75.2109196147819,9.25235037784523,,,,
2026-01-06 09:45:00,SYS-1,OU-1,OU,cool,False,0,,,,8.26640022836712,,,81.67321141218675,9.272117939837772,60.51661035824571,,,7.052149540984663,7.015416360503801,2904.5386262707266,957.8972786551963,69.91479043613123,7.56164949353949,,,,
2026-01-06 10:00:00,SYS-1,OU-1,OU,cool,False,0,,,,8.066278485949688,,,81.2689511973131,8.881086434070978,63.71102824979956,,,6.6815575473337745,7.597929517270747,2922.205973862219,932.5538041453167,74.34367766285352,8.883880355500432,,,,
2026-01-06 10:15:00,SYS-1,OU-1,OU,cool,False,0,,,,7.692001205867047,,,82.66872183814317,10.140024399747325,57.5200835662654,,,6.097710058097402,6.910078025811282,2892.087669898805,949.2431368683219,79.11928146937667,9.657273820479631,,,,
2026-01-06 10:30:00,SYS-1,OU-1,OU,cool,False,0,,,,6.561067098339923,,,82.03998429054559,9.260024489496855,58.31675894820841,,,6.040120322538131,6.224445829599957,2879.5998633550967,948.2205875785671,68.53463782806435,8.428795126937974,,,,
2026-01-06 10:45:00,SYS-1,OU-1,OU,cool,False,0,,,,6.974320930045176,,,79.7053771774847,8.082284713763292,55.457201930279844,,,6.644950474649363,6.804571091915453,2910.7206048887674,942.7647260924439,67.22448184832038,8.577156883901454,,,,
2026-01-06 11:00:00,SYS-1,OU-1,OU,cool,False,0,,,,7.368208323660049,,,78.70989815506134,8.47265985404233,56.90064441163933,,,6.5449603397023335,6.049976508555093,2812.1884217349793,941.5520426903732,62.29074803328669,7.815403467723346,,,,
2026-01-06 11:15:00,SYS-1,OU-1,OU,cool,False,0,,,,5.242255125219679,,,79.98422857790649,7.980740973275618,57.98778808607008,,,6.196636153435553,5.698301104761699,2870.676902327209,913.4219881725065,66.15361185714939,8.0322022732818,,,,
2026-01-06 11:30:00,SYS-1,OU-1,OU,cool,False,0,,,,6.298786766133271,,,78.89418642013452,8.628593508556492,59.207755700650885,,,5.72711577121472,7.239429640215089,2824.6359585893383,907.8301166515051,58.27524990667079,7.083622790635122,,,,
2026-01-06 11:45:00,SYS-1,OU-1,OU,cool,False,0,,,,5.464031190798807,,,80.0656487275158,8.283956998485259,54.32737621590763,,,5.5214415488211355,6.228434845604183,2855.336844464153,917.6080120293267,57.20735413334764,7.100966100400097,,,,
2026-01-06 12:00:00,SYS-1,OU-1,OU,cool,False,0,,,,4.615117763535668,,,81.98294035592009,8.920357634448182,55.01060894719819,,,5.868859734270178,6.285980252722881,2805.6170010669834,879.5021352730795,65.11866908737515,7.652442192062316,,,,
2026-01-06 12:15:00,SYS-1,OU-1,OU,cool,False,0,,,,5.807831152424596,,,78.74116161779604,8.371522645894569,53.627547908028696,,,5.319444133361776,6.127315407233852,2766.739214318186,897.9091853706137,54.743109531667855,6.557116727317187,,,,
2026-01-06 12:30:00,SYS-1,OU-1,OU,cool,False,0,,,,4.674198673930516,,,76.90369505564328,6.357594228116347,52.2175381962297,,,6.163776846049068,6.529041421305729,2782.208972858531,881.5995197398472,61.06227547182406,7.599344757542448,,,,
2026-01-06 12:45:00,SYS-1,OU-1,OU,cool,False,0,,,,3.1098847266400984,,,76.18121146755239,7.740321459115837,50.670337872744064,,,6.168430429695831,5.821007123565838,2783.060948447665,878.8609384757887,61.220173964728026,7.93365444023589,,,,
2026-01-06 13:00:00,SYS-1,OU-1,OU,cool,False,0,,,,3.491795466647753,,,74.64440645848357,7.9410887204311615,52.5331318795784,,,6.743385097583542,6.0988506454180555,2749.3091012028317,853.1717596733196,54.56682970234395,6.500239372561752,,,,
2026-01-06 13:15:00,SYS-1,OU-1,OU,cool,False,0,,,,3.417376958383142,,,74.06847510100083,7.400385017716823,48.32147534609806,,,5.869167782738902,5.106927262046044,2750.3532552360657,860.9266781886989,54.17757897882426,6.486789270659951,,,,
2026-01-06 13:30:00,SYS-1,OU-1,OU,cool,False,0,,,,2.5906301305990125,,,73.43340927532768,7.675997430328317,51.3942519779981,,,5.188835009506709,4.869110455233124,2707.8130582559224,869.0779164689361,58.24191796561987,7.048574214010688,,,,
2026-01-06 13:45:00,SYS-1,OU-1,OU,cool,False,0,,,,2.756014019003115,,,73.86868772113992,6.2334723352069235,50.619016968785495,,,4.987900970309458,5.907189768770537,2647.5257449308474,877.943702393884,48.1558691362621,6.181665404553868,,,,
2026-01-06 14:00:00,SYS-1,OU-1,OU,cool,False,0,,,,1.9600896079103525,,,73.35928483135874,5.7393345381713194,48.684499402152234,,,3.8693087644294923,5.839943887363597,2727.0007075132003,874.8503988411208,45.12797681223354,5.40626322639128,,,,
2026-01-06 14:15:00,SYS-1,OU-1,OU,cool,False,0,,,,2.066927138382985,,,74.67103419568593,7.077345321135192,47.42249052998405,,,4.928688995069836,5.370934976596021,2709.8607454816083,854.3494842334931,40.69781991537819,5.324546100786726,,,,
2026-01-06 14:30:00,SYS-1,OU-1,OU,cool,False,0,,,,2.2105449809413673,,,72.53141004542955,5.321343975785269,46.14377114669469,,,5.016068305577812,5.177284457975437,2682.6930657366856,848.4597603208679,44.94779259616737,5.103737946311459,,,,
2026-01-06 14:45:00,SYS-1,OU-1,OU,cool,False,0,,,,0.6385277587961953,,,72.42905890454533,4.294332528477631,52.14919867095479,,,5.3981041801639025,5.077451915211034,2670.183153846296,834.7921469867493,49.43293146617151,5.876140887219482,,,,
2026-01-06 15:00:00,SYS-1,OU-1,OU,cool,False,0,,,,0.8792424791144824,,,70.5157347121739,6.698919612165971,45.24498805975688,,,5.183979889494983,4.6640752568464405,2689.667516843333,849.4668049597183,46.160711995939785,5.479835892507117,,,,
2026-01-06 15:15:00,SYS-1,OU-1,OU,cool,False,0,,,,0.21097660920308753,,,74.45214498396369,5.165132637028103,50.59700664431048,,,5.107580184933442,5.487695448776095,2635.918836739908,836.1391453940688,37.43563984735374,4.728228498911315,,,,
2026-01-06 15:30:00,SYS-1,OU-1,OU,cool,False,0,,,,0.3162410049880888,,,72.41365289204995,5.3750870183185615,48.26679611682269,,,4.895421030849367,5.073522315495876,2620.1333099809976,845.6200008639363,36.74466495738874,4.722937907980133,,,,
2026-01-06 15:45:00,SYS-1,OU-1,OU,cool,False,0,,,,-0.7011343905253551,,,74.03155285541551,4.387207684508034,45.957261940404784,,,5.017159593719188,4.955157759347067,2628.0495814546116,859.7577330776858,37.19657477507251,4.010755665573232,,,,
2026-01-06 16:00:00,SYS-1,OU-1,OU,cool,False,0,,,,-0.5437333806082342,,,72.26712545777853,4.341501719042588,44.02559227471228,,,5.2800018949089305,4.851412001312063,2662.4678348996586,830.2323433383177,39.518437235370406,4.467677180501082,,,,
2026-01-06 16:15:00,SYS-1,OU-1,OU,cool,False,0,,,,-0.49895403287882756,,,73.05947199560843,4.384110701821449,48.11625957839309,,,4.228740132162571,5.073856016243715,2579.012064565528,805.7898635647739,36.75693575326805,4.511888034025105,,,,
2026-01-06 16:30:00,SYS-1,OU-1,OU,cool,False,0,,,,-0.0040188718074762875,,,70.23623245174227,4.939841521080691,49.22050706837129,,,4.431260547341402,4.816182821178617,2650.978993276163,813.1768807536642,37.76082746899015,4.333691202513074,,,,
2026-01-06 16:45:00,SYS-1,OU-1,OU,cool,False,0,,,,0.0055524275018452585,,,71.5003001759745,5.455208872439427,43.66264988742932,,,4.024192179831603,4.877748713593821,2591.436388474813,802.3733780203423,37.513704274804155,4.044916180282206,,,,
2026-01-06 17:00:00,SYS-1,OU-1,OU,cool,False,0,,,,-1.5896716332249632,,,74.33085294395164,3.2639735485268693,44.74325132534846,,,5.198575384526799,4.08353891061657,2573.7925297504657,804.7692885556498,34.656759996059506,4.470355191134185,,,,
2026-01-06 17:15:00,SYS-1,OU-1,OU,cool,False,0,,,,-1.3614971020116113,,,68.31841606436544,5.659382698484727,47.29539472555512,,,5.047569728686372,4.732835278780675,2641.644799003623,841.1162384200236,35.31967222350747,4.38655169206699,,,,
2026-01-06 17:30:00,SYS-1,OU-1,OU,cool,False,0,,,,-0.560527114698809,,,71.83284454160585,4.080066885647688,45.75711810631558,,,4.813746373331598,5.387713312362681,2598.804324881352,824.0843046919724,36.040247974518884,4.47278300600049,,,,
2026-01-06 17:45:00,SYS-1,OU-1,OU,cool,False,0,,,,-2.182605409936317,,,72.56404494170908,4.15337382392094,49.021332679926275,,,4.023791047332602,4.295802413042476,2561.4211844207316,797.3686696672753,34.7176481049022,4.023484057654436,,,,
2026-01-06 18:00:00,SYS-1,OU-1,OU,cool,False,0,,,,-1.2779019189714202,,,70.63169136656413,5.542284310459995,43.85971110105731,,,4.569177921398236,4.448468452637111,2589.238008228307,829.8044824904518,37.014083459976206,4.7503715508473405,,,,
2026-01-06 18:15:00,SYS-1,OU-1,OU,cool,False,0,,,,-1.0455256948336746,,,71.16494726766649,4.9467160842726745,46.10599318435298,,,4.409355871239481,4.859989098706105,2628.3597882788904,839.0769092520949,42.537030012346925,5.032455602553495,,,,
2026-01-06 18:30:00,SYS-1,OU-1,OU,cool,False,0,,,,-0.19446018187077108,,,71.9878928105791,3.796518386886018,42.58369544637856,,,4.545163527374396,4.895753974181561,2637.473253503891,815.2862927285572,37.58176760473806,4.838742695915453,,,,
2026-01-06 18:45:00,SYS-1,OU-1,OU,cool,False,0,,,,-0.47106934207692924,,,69.14827500782596,6.533318308577807,49.38393065696579,,,4.4535748275503515,4.778592916192133,2591.029983461722,811.3973149806883,35.70361017555344,4.010933675783626,,,,
2026-01-06 19:00:00,SYS-1,OU-1,OU,cool,False,0,,,,-0.9918830098677288,,,70.89871098190329,4.413725237180168,43.8800601125328,,,4.759092390476779,3.9040711553062213,2619.004457515104,817.6652682096003,29.107379849325635,3.236644947613936,,,,
2026-01-06 19:15:00,SYS-1,OU-1,OU,cool,False,0,,,,-0.9027263134306094,,,69.09255156061101,5.357062373072672,41.114764646458546,,,4.4216688581672505,4.780296915644486,2632.036513072812,828.5146872942041,37.878575106683165,4.606827975981289,,,,
2026-01-06 19:30:00,SYS-1,OU-1,OU,cool,False,0,,,,-0.6933944353784767,,,69.57209317792757,5.388273681352423,45.50967663236788,,,4.956008903669318,4.140710895289006,2595.885298686252,835.6891896529426,29.116298040148997,3.283256121078762,,,,
2026-01-06 19:45:00,SYS-1,OU-1,OU,cool,False,0,,,,0.5328811910775656,,,69.87767394932112,6.43844350489249,45.75241134244648,,,4.751248831002246,4.3248101203790865,2631.276533948456,845.9834332479885,31.9420451170583,4.035680733657645,,,,
2026-01-06 20:00:00,SYS-1,OU-1,OU,cool,False,0,,,,-0.4529673882503523,,,70.85239436068619,5.037388720289974,50.1708889872792,,,4.583731425434583,4.92018340881872,2625.838581800446,848.9051407859424,41.7679219152641,5.090176953070408,,,,
2026-01-06 20:15:00,SYS-1,OU-1,OU,cool,False,0,,,,-0.1710259068341106,,,71.57290655930484,6.312062910598439,46.007664586207056,,,4.708054234776462,4.634465932122156,2617.6253452252977,851.2634887392011,42.03819993298303,4.767692626599033,,,,
2026-01-06 20:30:00,SYS-1,OU-1,OU,cool,False,0,,,,0.4514333986237451,,,72.34772302819802,5.026428361271792,47.04117910880345,,,4.633735025192447,5.1338191547822545,2626.564893880385,856.9605542534022,39.56641049932357,4.769828940202358,,,,
2026-01-06 20:45:00,SYS-1,OU-1,OU,cool,False,0,,,,0.4164988880742644,,,69.80891850544515,6.642183664364844,48.66847966903579,,,5.197793907687063,6.131495750281877,2651.6430729602207,849.7736322486871,34.36396038841671,4.018291940153794,,,,
2026-01-06 21:00:00,SYS-1,OU-1,OU,cool,False,0,,,,0.6389887761012808,,,75.38330888326843,5.268291952774886,51.10147355435349,,,4.830754034232539,5.250211848373756,2659.4742483714494,820.4678584400964,40.83693640277291,5.1751822170858635,,,,
2026-01-06 21:15:00,SYS-1,OU-1,OU,cool,False,0,,,,0.37548482350895407,,,74.50052691433383,5.7321952758081975,48.280082620173715,,,5.1289374361963675,5.300122338555686,2651.166138380256,845.2878713492902,40.80140134963419,4.706402267002642,,,,
2026-01-06 21:30:00,SYS-1,OU-1,OU,cool,False,0,,,,1.3405185451245458,,,74.24525272201936,7.690488951293062,50.991341497088555,,,4.92989602109705,4.728566864903978,2665.469360946251,856.0078933686532,47.32832725930282,5.547647342474473,,,,
2026-01-06 21:45:00,SYS-1,OU-1,OU,cool,False,0,,,,1.400429868097731,,,73.00564254843312,6.586866411435862,50.48046684592594,,,4.572603900304895,4.90945894109787,2722.2860705462895,849.8074873833162,55.14166630422005,6.980371028119307,,,,
2026-01-06 22:00:00,SYS-1,OU-1,OU,cool,False,0,,,,2.699676665714131,,,73.86303999989866,6.5878071781621514,49.407529330476066,,,5.612441762150305,4.824535245379559,2706.4148140553093,873.6689128235296,48.36772195181861,6.475704650990987,,,,
2026-01-06 22:15:00,SYS-1,OU-1,OU,cool,False,0,,,,2.73812096030669,,,75.30344010919787,8.46677334935264,50.732221981792144,,,4.913316359545463,5.123528630061023,2738.095092953848,859.2136951996973,45.8255382323965,6.09876718715596,,,,
2026-01-06 22:30:00,SYS-1,OU-1,OU,cool,False,0,,,,2.6894132380035036,,,75.57069252067221,7.1410350421315165,51.230513434062594,,,5.697639238817708,4.98927402908033,2759.5179804851045,855.4991199613371,45.750708069659886,5.509051871857369,,,,
2026-01-06 22:45:00,SYS-1,OU-1,OU,cool,False,0,,,,3.472391822141435,,,72.84689062045948,6.38277175790763,49.953556075533314,,,5.685901912401455,5.253964795218813,2753.377374728554,895.949327767333,51.739636244347864,6.2744127614422105,,,,
2026-01-06 23:00:00,SYS-1,OU-1,OU,cool,False,0,,,,3.243163998356981,,,77.06836653558491,7.811245263328045,54.839171057866984,,,4.949358055940488,5.528282698219019,2816.3627803809686,889.2845410388934,52.82235109838261,6.798719730490712,,,,
2026-01-06 23:15:00,SYS-1,OU-1,OU,cool,False,0,,,,4.460733882959396,,,80.92164880647594,6.469384300345135,50.27785627450237,,,5.32949189080791,5.307134969787061,2736.2228146438574,887.6815810017154,50.51666531148689,6.024669395505037,,,,
2026-01-06 23:30:00,SYS-1,OU-1,OU,cool,False,0,,,,4.213603110276714,,,74.11585553701144,8.51107465433498,56.037075922901124,,,5.598570455566967,5.236571871284952,2798.1470493484585,903.4585409942935,57.20226613726744,6.571367195330883,,,,
2026-01-06 23:45:00,SYS-1,OU-1,OU,cool,False,0,,,,4.957610637127392,,,79.00629139860999,8.768572820165707,56.254807365947734,,,5.5736080892584265,5.357309896323745,2777.375054963039,910.7057632516194,53.76126768400298,6.486414801311247,,,,
2026-01-07 00:00:00,SYS-1,OU-1,OU,cool,False,0,,,,4.225464052805906,,,118.0,7.541632657167018,54.813901483840276,,,5.527171705645359,6.181568444957492,2855.6734979011385,905.1155371645905,64.4484290869172,7.869266524589703,,,,
2026-01-07 00:15:00,SYS-1,OU-1,OU,cool,False,0,,,,5.6004268047079115,,,118.0,7.693887908263348,54.12314259735395,,,6.394142965804704,6.122003306389999,2864.093829487801,868.367329054997,65.88568065390618,7.657536793123266,,,,
2026-01-07 00:30:00,SYS-1,OU-1,OU,cool,False,0,,,,4.770234682900382,,,118.0,8.532781986540883,55.85241175087671,,,6.099987127691779,6.606165419656018,2767.478902983808,900.3082536175883,67.60215986668696,7.618389841552689,,,,
2026-01-07 00:45:00,SYS-1,OU-1,OU,cool,False,0,,,,4.94934456513281,,,118.0,8.596595087471556,57.89645253615167,,,6.446911715018958,6.7104111704110725,2809.9520771278694,908.7585388176155,62.9810561679691,7.126707885790061,,,,
2026-01-07 01:00:00,SYS-1,OU-1,OU,cool,False,0,,,,6.370228143988264,,,118.0,7.994307041814487,59.074307329753076,,,6.216025186047072,6.25197299887342,2871.6931963443344,905.9425101815046,68.52855838083539,8.423055790951945,,,,
2026-01-07 01:15:00,SYS-1,OU-1,OU,cool,False,0,,,,6.388680227259812,,,118.0,9.418788688964536,58.78823258011127,,,6.604290628556472,6.750176627716555,2887.9839093571663,928.6953187330577,67.50770861170162,7.87341207851064,,,,
2026-01-07 01:30:00,SYS-1,OU-1,OU,cool,False,0,,,,7.394532271617868,,,118.0,7.514549740084219,60.81110699593253,,,6.273564788677094,5.99781692992421,2898.633612957796,948.4977065819772,68.0118375635173,8.119016379910741,,,,
2026-01-07 01:45:00,SYS-1,OU-1,OU,cool,False,0,,,,9.000586117205636,,,118.0,8.980578504051344,58.30801775813507,,,6.652826325449225,7.576642450143852,2886.3317781986,928.1095114394141,69.70063462690676,8.427843760530163,,,,
2026-01-07 02:00:00,SYS-1,OU-1,OU,cool,False,0,,,,7.500966091152751,,,118.0,9.176847228114445,60.46915279700005,,,6.982738317486189,7.2281617196751835,2913.6536247369045,922.9775099549369,67.3011389078634,8.26187893267202,,,,
2026-01-07 02:15:00,SYS-1,OU-1,OU,cool,False,0,,,,7.959055246251271,,,81.75942884214959,9.448098257840826,57.41901070845712,,,6.851384475487426,6.74734199145956,2930.70468967751,974.8661408052258,68.11380104190958,8.073185285415107,,,,
2026-01-07 02:30:00,SYS-1,OU-1,OU,cool,False,0,,,,8.775810941691145,,,85.25384452751017,10.072063411326738,62.614867607762,,,6.730298049271929,6.447862369871714,2919.4161477156244,941.9293502292346,78.39629488872221,9.557170096790847,,,,
2026-01-07 02:45:00,SYS-1,OU-1,OU,cool,False,0,,,,9.251882865447824,,,81.8769948602938,8.9956195041649,61.89981065490385,,,6.554352123536772,7.1410381535308876,2962.6882220708626,934.2531913373067,75.71870376182363,8.819226363782583,,,,
2026-01-07 03:00:00,SYS-1,OU-1,OU,cool,False,0,,,,9.136797047575829,,,85.00225115498824,10.592132410148293,61.239919457516024,,,7.127713356577215,6.312630760386491,2873.636438764038,960.1337012392007,78.54336893417418,9.316690064397497,,,,
2026-01-07 03:15:00,SYS-1,OU-1,OU,cool,False,0,,,,9.387480646721931,,,82.08469276048216,10.111396210179581,64.84148291222827,,,7.26573791330068,6.816038736775923,2969.3817670828953,966.5324233221612,82.80283674079091,9.629015732558548,,,,
2026-01-07 03:30:00,SYS-1,OU-1,OU,cool,False,0,,,,10.18159781481974,,,85.37818532641265,9.859887131422806,64.31658570050537,,,7.086686230497211,7.489533034038666,2927.6490896896753,952.8925158780888,72.90130352721658,9.087686588174565,,,,
2026-01-07 03:45:00,SYS-1,OU-1,OU,cool,False,0,,,,10.300762256035611,,,84.4900576940573,9.400947929311146,57.68190763953732,,,6.939476286085339,7.277384018491432,2995.0542566995905,978.3743726030276,77.65022001230005,9.30990143305591,,,,
2026-01-07 04:00:00,SYS-1,OU-1,OU,cool,False,0,,,,9.575946923462418,,,80.94546027329268,9.651588793967221,63.740020534379106,,,7.5160713191226485,7.102652213339183,2966.3445480101514,961.972240728455,82.35197446847124,9.66044468992746,,,,
2026-01-07 04:15:00,SYS-1,OU-1,OU,cool,False,0,,,,10.333727658026625,,,85.16576720223091,10.978878042221469,61.05867942187131,,,8.338001289166925,7.725604943953787,2952.710930174017,957.9055555917593,83.9901976849795,9.973112182777998,,,,
2026-01-07 04:30:00,SYS-1,OU-1,OU,cool,False,0,,,,10.564449304264604,,,83.7458606481789,10.000559309900165,66.37211507404957,,,7.26483450706473,6.970365694409033,2995.9929712045846,976.5892256287758,81.58869051117777,9.72412431712435,,,,
2026-01-07 04:45:00,SYS-1,OU-1,OU,cool,False,0,,,,10.048890003741167,,,84.89026876707027,10.892149346766876,69.4474509407607,,,7.555090972147102,7.534275440574167,2962.046020963648,987.3159450164828,87.78997016816905,10.744952357577787,,,,
2026-01-07 05:00:00,SYS-1,OU-1,OU,cool,False,0,,,,10.951458418139028,,,88.0997343082864,11.747363842673705,63.62219124146,,,7.599845932566101,7.249734538899214,2965.8021283311514,967.7662937352051,84.98972541254525,9.72007619604986,,,,
2026-01-07 05:15:00,SYS-1,OU-1,OU,cool,False,0,,,,10.369937796113456,,,84.12341061266484,11.768469933486687,64.95701110903617,,,6.44459197514774,7.132229737878288,2949.1382254020536,983.4222057724718,79.66610345476931,9.248770662084691,,,,
2026-01-07 05:30:00,SYS-1,OU-1,OU,cool,False,0,,,,11.531909192993087,,,84.2966332524006,12.22265215273169,64.4123814659209,,,7.5367122302133325,7.672525596040888,2997.487739630819,977.9132143188245,81.06306643038268,9.614135796178672,,,,
2026-01-07 05:45:00,SYS-1,OU-1,OU,cool,False,0,,,,11.102801086994663,,,88.20419567121652,10.756542110901561,65.68021545682649,,,7.214180903928198,7.099636611205676,3014.4764902984457,1022.1952186051305,88.16835732294358,11.33989462858357,,,,
2026-01-07 06:00:00,SYS-1,OU-1,OU,cool,False,0,,,,11.05358389146143,,,86.1787953807023,10.131880742544963,66.2890980312176,,,8.053875193540087,8.260802579497966,3030.6907795839375,969.3716047825536,86.85532582582424,10.709342766858507,,,,
2026-01-07 06:15:00,SYS-1,OU-1,OU,cool,False,0,,,,10.632536527717857,,,88.35996776229618,11.809997178026077,67.55297710546665,,,7.3951940564211025,7.262901646670706,2995.31994879405,1000.591287867181,77.35022812493868,9.248591871253357,,,,
2026-01-07 06:30:00,SYS-1,OU-1,OU,cool,False,0,,,,10.877503273916245,,,86.43046995216433,11.222017664525087,62.93960594474253,,,7.176152969631017,8.283095285250688,3029.7246285281917,978.5303945833215,90.17697074979489,11.03483636469864,,,,
2026-01-07 06:45:00,SYS-1,OU-1,OU,cool,False,0,,,,9.686063906675152,,,84.48568523581623,11.841516361271628,67.95112242767952,,,7.383778186173717,7.033589604875575,2996.6958853346905,976.5613923771741,86.91174013445632,11.04663966702386,,,,
2026-01-07 07:00:00,SYS-1,OU-1,OU,cool,False,0,,,,10.116710475420575,,,85.62515555252958,10.906622335710416,62.796230550803465,,,7.515513162669852,7.691269306765256,2990.386510828427,988.099042776172,89.5215176080127,10.672458934928907,,,,
2026-01-07 07:15:00,SYS-1,OU-1,OU,cool,False,0,,,,10.899284656483886,,,87.47163368163169,11.797307208055425,65.02347869369105,,,7.196432966017957,6.940564917585889,3006.592914334755,989.1642688577159,82.13844971307732,9.74668996234001,,,,
2026-01-07 07:30:00,SYS-1,OU-1,OU,cool,False,0,,,,9.266136969974433,,,86.84229409736699,11.448748533577273,66.55594860426625,,,7.364754187029834,6.849372375614612,3016.52768978603,992.9155972152039,81.91416342745286,10.193282674260912,,,,
2026-01-07 07:45:00,SYS-1,OU-1,OU,cool,False,0,,,,10.889201562084827,,,85.17634923037521,11.263754947332163,65.39512489212288,,,6.803645179681956,7.409191249528502,2969.1315146727798,976.6795953496425,77.91599019931192,9.498171473357313,,,,
2026-01-07 08:00:00,SYS-1,OU-1,OU,cool,False,0,,,,9.148494537482291,,,85.00341873634416,11.000894513590556,61.78310415586769,,,7.208936726913027,7.570061637761229,2965.892232098209,960.2760864563863,91.79835337513853,11.217202351613391,,,,
2026-01-07 08:15:00,SYS-1,OU-1,OU,cool,False,0,,,,10.442860775413834,,,84.4782062382476,10.812568046930926,61.91084888937641,,,7.55747356888839,6.737499237097488,2961.4689803195142,958.4528774214427,80.08492340593504,9.45772408892803,,,,
2026-01-07 08:30:00,SYS-1,OU-1,OU,cool,False,0,,,,9.252821822019817,,,83.45482596546037,10.56648866648544,62.008871597449954,,,7.977698920704097,7.663688837319674,2961.1537418680023,971.1130650865491,86.18396627560867,10.919336892775863,,,,
2026-01-07 08:45:00,SYS-1,OU-1,OU,cool,False,0,,,,9.97843349547934,,,86.99353808389452,10.436244414060171,62.416059512537956,,,7.410365658302383,6.80872010522789,2923.355715207641,968.8606826574343,76.20682538142532,9.657696286249136,,,,
2026-01-07 09:00:00,SYS-1,OU-1,OU,cool,False,0,,,,9.321211411670165,,,83.66794400473971,10.913476020007405,64.36497430850294,,,7.169433715736592,7.113149247805802,2972.261538039298,977.5393066053712,78.33303429899608,9.569748452541354,,,,
2026-01-07 09:15:00,SYS-1,OU-1,OU,cool,False,0,,,,8.033973926425524,,,81.530402842612,9.568453706171452,59.009835275997105,,,7.462525065823878,7.140930266550599,2919.8568740666637,959.024122039286,69.79823543122143,8.581075203190741,,,,
2026-01-07 09:30:00,SYS-1,OU-1,OU,cool,False,0,,,,9.402057823787398,,,82.13446510914383,11.21483239590121,62.021017299312696,,,7.320785607497112,7.151014816097699,2935.62558950508,964.6034382995637,73.68756713015094,8.2343297939452,,,,
2026-01-07 09:45:00,SYS-1,OU-1,OU,cool,False,0,,,,9.198445691431182,,,83.56479165530318,9.581716662771441,61.77564719454176,,,7.498892430172154,6.1142304697238306,2886.349869437203,967.1971841633276,77.82427545909016,9.53022599313998,,,,
2026-01-07 10:00:00,SYS-1,OU-1,OU,cool,False,0,,,,7.960517056399874,,,82.98933914781745,10.288305756071066,61.116577444315425,,,7.183062341539542,7.3974250471132965,2910.7641185842667,942.4720081679666,67.49302473770202,8.040930392356644,,,,
2026-01-07 10:15:00,SYS-1,OU-1,OU,cool,False,0,,,,7.489382378010612,,,81.3268109697422,9.25467312042593,60.35549957110598,,,6.616287602787901,6.88815027599291,2900.20552851631,913.0997154436598,75.34612743521348,9.171707003974083,,,,
2026-01-07 10:30:00,SYS-1,OU-1,OU,cool,False,0,,,,7.200180414608162,,,80.03058202396853,8.950717500751038,61.86347056629074,,,6.677404193601332,6.403787756200863,2863.916244269098,912.9255182916985,70.91603707252112,8.714662272256364,,,,
2026-01-07 10:45:00,SYS-1,OU-1,OU,cool,False,0,,,,6.343545398151725,,,80.60838890383495,10.59011158449411,59.19001133976409,,,6.553823699953756,6.072497636838744,2924.9145760505467,904.1481142013953,63.86018293264203,7.560834421484561,,,,
2026-01-07 11:00:00,SYS-1,OU-1,OU,cool,False,0,,,,7.212066326469275,,,77.48952103574065,8.528981307146461,59.30210894014514,,,6.509084249055845,5.710599955940548,2862.8950078577614,944.5793793234131,64.46408704186032,7.228545904967113,,,,
2026-01-07 11:15:00,SYS-1,OU-1,OU,cool,False,0,,,,5.844806773058666,,,77.5530577535669,7.563497555907874,58.077996230016026,,,6.372763918640248,5.748066196587937,2892.3259320925476,902.8960968388562,63.040995343581585,7.675281810752061,,,,
2026-01-07 11:30:00,SYS-1,OU-1,OU,cool,False,0,,,,5.7524429057053,,,80.27630892896971,7.820312849443565,59.891487587657096,,,5.882817769208174,6.4137646799583035,2854.879406160954,928.9197188587884,63.06507745373126,7.345394198715632,,,,
2026-01-07 11:45:00,SYS-1,OU-1,OU,cool,False,0,,,,4.916440933459037,,,77.78407184162262,7.94242702488387,51.85442181317569,,,5.25665033839984,5.96167537973989,2793.212381634347,914.0182290118696,59.490502366981225,7.039802056220444,,,,
2026-01-07 12:00:00,SYS-1,OU-1,OU,cool,False,0,,,,4.624356140167883,,,78.57822590083907,9.724153482174223,57.56421715423858,,,5.731328555252142,5.54739362009262,2788.5343955302633,925.7290369025857,56.69084839678186,6.621548854385565,,,,
2026-01-07 12:15:00,SYS-1,OU-1,OU,cool,False,0,,,,3.8409461336284396,,,79.35566376576519,7.969195358074623,53.82390715919169,,,5.091481510807727,5.691121319946459,2800.0024361746887,909.8141569539061,57.14657095918715,6.755116238525902,,,,
2026-01-07 12:30:00,SYS-1,OU-1,OU,cool,False,0,,,,4.9710844349083345,,,77.95765920098937,8.356192143179287,53.13330435692673,,,5.831394354622889,6.4298557278645685,2775.7299375111525,888.022350704195,52.629286240062555,5.622658061627725,,,,
2026-01-07 12:45:00,SYS-1,OU-1,OU,cool,False,0,,,,3.737005523979618,,,76.47106190384814,6.6134490684475455,51.11014329338589,,,5.709179072237101,5.575094556817667,2762.465769849542,881.3923174828107,49.96463565902447,6.3608404172523905,,,,
2026-01-07 13:00:00,SYS-1,OU-1,OU,cool,False,0,,,,4.026638700622165,,,79.21142043597591,7.505629496501357,48.67441861296115,,,4.941541630920957,5.377992134154613,2739.6500423482594,880.5719921909906,53.33681794240756,6.4764219837868495,,,,
2026-01-07 13:15:00,SYS-1,OU-1,OU,cool,False,0,,,,3.0793579663289883,,,76.4582324721937,7.5728642828076875,51.02181565185326,,,5.7931080688964345,6.058083229319816,2681.4578162671382,876.9137570542299,55.49551026963924,6.992881011232368,,,,
2026-01-07 13:30:00,SYS-1,OU-1,OU,cool,False,0,,,,2.2872572891877243,,,74.39184202516631,8.293251267276212,49.79857905731356,,,5.772718085338454,5.610731528381899,2716.700334224361,861.4241703439416,44.31542737040329,5.911803833391375,,,,
2026-01-07 13:45:00,SYS-1,OU-1,OU,cool,False,0,,,,2.1502567026846484,,,75.59073556793332,6.116117570683817,51.56546105673139,,,5.374907680308803,5.354279296305892,2644.998618038517,864.1274803186502,48.956815350380836,5.881595778814526,,,,
2026-01-07 14:00:00,SYS-1,OU-1,OU,cool,False,0,,,,1.6638613696982651,,,74.62901974084515,6.982791570155078,47.05547505412517,,,5.917066520738613,5.006887242624467,2711.154587063548,884.139800930036,44.900175220794836,4.847290149743207,,,,
2026-01-07 14:15:00,SYS-1,OU-1,OU,cool,False,0,,,,1.6713540613933378,,,72.2354591774212,6.5753564277038565,52.307524028892225,,,5.915310867984911,4.545680337812382,2667.104219773248,830.022306696047,42.2021624259712,4.796093436002669,,,,
2026-01-07 14:30:00,SYS-1,OU-1,OU,cool,False,0,,,,1.122271322141504,,,73.24243137404646,5.356343944548257,49.45625339634153,,,4.604460257964419,4.6186408478913625,2656.7852124130914,855.1764077722053,48.19471488564047,5.421294442007844,,,,
2026-01-07 14:45:00,SYS-1,OU-1,OU,cool,False,0,,,,0.8639720798345071,,,72.4707971786124,6.006397566230849,47.91073646593773,,,5.425663334870321,4.818796636373888,2661.551723111087,833.6480427022832,41.443675866135614,4.822678710992774,,,,
2026-01-07 15:00:00,SYS-1,OU-1,OU,cool,False,0,,,,-0.06978549760082764,,,69.31081723495247,5.667899728811247,46.510085489762744,,,5.115678979705694,4.851489548059354,2666.7588141515666,846.2370137471495,48.315537202595856,5.821758857731296,,,,
2026-01-07 15:15:00,SYS-1,OU-1,OU,cool,False,0,,,,0.0048535985534669535,,,71.71940435426232,3.884188236805642,45.9071878143053,,,5.039568199400224,5.014737202392511,2606.671853172126,852.4506520298048,38.08464735644,3.9695015026658282,,,,
2026-01-07 15:30:00,SYS-1,OU-1,OU,cool,False,0,,,,1.2323144875328493,,,71.21659025838525,6.098875278632079,44.80629226784642,,,5.183748996621742,5.030675880501075,2588.871296255151,835.6675800698358,41.71217446722246,5.1082035840691615,,,,
2026-01-07 15:45:00,SYS-1,OU-1,OU,cool,False,0,,,,-0.39155760356630154,,,70.67228409904277,5.9377858988871886,45.59658242716022,,,4.465128463162817,4.84196420534494,2601.7241013944968,845.0772348135224,38.304127666207556,4.143388323959143,,,,
2026-01-07 16:00:00,SYS-1,OU-1,OU,cool,False,0,,,,-0.8286086952807277,,,68.53515157243703,5.050775953449868,46.35184679194463,,,4.4640129210333335,4.7891252963806625,2565.5430935171507,806.8703766764821,35.333277668883575,4.329202899106033,,,,
2026-01-07 16:15:00,SYS-1,OU-1,OU,cool,False,0,,,,-0.17884064965110835,,,70.2780430403619,4.238532219710178,45.67654568578591,,,4.324022042862834,4.251681011057666,2591.6199633967835,844.855017367367,39.92888163199382,4.758618452286163,,,,
2026-01-07 16:30:00,SYS-1,OU-1,OU,cool,False,0,,,,0.301086124666201,,,70.54776060382292,6.412266096172238,42.93222892727756,,,4.312219751888142,3.7522787239620703,2662.9505844134314,817.0426987593754,36.28308139491861,4.25988039563246,,,,
2026-01-07 16:45:00,SYS-1,OU-1,OU,cool,False,0,,,,-1.5539953584593578,,,70.58175227510205,5.37200904142972,44.999042222961556,,,4.540200112085679,4.37125447569502,2578.9163966060673,833.5817106872771,38.73958908547695,4.62683777347484,,,,
2026-01-07 17:00:00,SYS-1,OU-1,OU,cool,False,0,,,,-0.920668066685169,,,68.52155398900149,5.915583556342094,43.55437590643516,,,3.9703815932763735,4.169451571304823,2626.3569899891922,825.4626553365216,35.66268831390532,4.11758919294913,,,,
2026-01-07 17:15:00,SYS-1,OU-1,OU,cool,False,0,,,,-1.2639432147803253,,,71.12905774541055,6.185901596151922,45.511911566091854,,,4.110531128599269,4.267771298378618,2562.6938996714002,782.7537448808847,31.137102968713492,3.552710923224367,,,,
2026-01-07 17:30:00,SYS-1,OU-1,OU,cool,False,0,,,,-2.005280852839305,,,68.19393407131464,4.608939988420151,48.81485513667013,,,4.743844023563632,4.403011117878209,2610.6846323024124,809.3434492680418,34.80560149289911,3.671845261887227,,,,
2026-01-07 17:45:00,SYS-1,OU-1,OU,cool,False,0,,,,-0.5461975138765864,,,69.67206679144945,5.656146856396803,46.271456155840504,,,4.474826529066173,4.005768785049693,2590.836200985899,823.4789116599427,35.26134759709947,4.2224735171971375,,,,
2026-01-07 18:00:00,SYS-1,OU-1,OU,cool,False,0,,,,-1.0140663511329069,,,72.01248808068509,4.807080789063911,44.373760122355684,,,4.653181916359232,4.055795831309414,2598.205616433972,843.3096412235369,38.83385181552479,5.21372233104997,,,,
2026-01-07 18:15:00,SYS-1,OU-1,OU,cool,False,0,,,,-0.9442884328560572,,,68.94949266107776,4.956384317084285,41.77164442066498,,,3.7475074218564344,4.463084789362873,2617.4915431833056,824.4803104294667,31.428450889694194,4.365562625628685,,,,
2026-01-07 18:30:00,SYS-1,OU-1,OU,cool,False,0,,,,-1.4000560517102154,,,69.28093859205633,4.95717292256762,42.25610276890433,,,4.199291401475232,4.559140916999169,2654.398231484723,824.5498492866562,35.05655905258552,4.6033323652737455,,,,
2026-01-07 18:45:00,SYS-1,OU-1,OU,cool,False,0,,,,-0.6118411846212344,,,71.80874737278052,5.0565890128262785,41.81870054501631,,,4.3066530182992615,4.266422768229146,2609.684134414352,800.3469162233007,28.592853068999077,3.6428828485353564,,,,
2026-01-07 19:00:00,SYS-1,OU-1,OU,cool,False,0,,,,-1.1191333674268027,,,69.68052314746123,5.993390680836266,46.79267866391099,,,4.564125186469235,4.750425288072318,2610.545603284069,844.1931343447269,38.45782658414656,4.41199515287359,,,,
2026-01-07 19:15:00,SYS-1,OU-1,OU,cool,False,0,,,,-0.7673227020686912,,,69.96667438632088,5.258271636337572,44.00056000496093,,,4.345091137095687,4.4918229208162215,2581.4129425765095,851.3517445682132,32.00081486405978,4.272923020152051,,,,
2026-01-07 19:30:00,SYS-1,OU-1,OU,cool,False,0,,,,-1.2082336703766323,,,70.95000176742427,5.105375204019661,45.88640519313562,,,4.98746655183564,4.206215466214189,2632.7242831577128,826.5182630459566,29.677573602883392,3.544470566013716,,,,
2026-01-07 19:45:00,SYS-1,OU-1,OU,cool,False,0,,,,-1.1108981053210512,,,72.44264672748048,5.088151990188644,44.78724421958832,,,4.631380441207586,4.670983154871055,2613.243281777104,824.9538249540831,37.341314124583825,4.460295042021136,,,,
2026-01-07 20:00:00,SYS-1,OU-1,OU,cool,False,0,,,,0.6051666904733789,,,67.67485790328978,5.674975108010843,46.52213904590263,,,4.707767558562374,5.453927328317636,2651.755130530365,806.4322219600999,42.77210474004041,5.04528442925307,,,,
2026-01-07 20:15:00,SYS-1,OU-1,OU,cool,False,0,,,,-0.2930804965383528,,,70.07148637277848,4.7896967124460375,49.488658138753465,,,4.7582108507431835,4.482825101418054,2632.394884024942,846.7322469001439,33.11547189958888,4.001445197656154,,,,
2026-01-07 20:30:00,SYS-1,OU-1,OU,cool,False,0,,,,0.4148881720660688,,,70.10080311644917,5.2178132346863215,45.696574732852895,,,5.093164169336793,5.276425888901145,2693.5550030560485,877.0659226620875,35.814024151165405,4.167118427663432,,,,
2026-01-07 20:45:00,SYS-1,OU-1,OU,cool,False,0,,,,0.4686868942657123,,,70.31366131854301,5.702656112677264,46.79969124675395,,,4.683592003895944,5.4233506458113805,2590.1445434100806,850.6095115234792,38.23090524881244,4.562573979045561,,,,
2026-01-07 21:00:00,SYS-1,OU-1,OU,cool,False,0,,,,0.4926721912234056,,,71.02647053749055,5.426001006673665,46.31624436547402,,,5.388297341129493,5.538604468664217,2649.6806629580383,862.3870102773742,37.804343884968304,4.211141533578018,,,,
2026-01-07 21:15:00,SYS-1,OU-1,OU,cool,False,0,,,,0.7391485271972508,,,71.4329110158416,5.927181632350291,50.155691656037966,,,5.195004718425619,4.681930071589373,2694.575286144024,855.3836441976168,45.03406617583659,5.291988829678235,,,,
2026-01-07 21:30:00,SYS-1,OU-1,OU,cool,False,0,,,,1.725480980815025,,,73.59373264473058,5.685094222638632,46.86095133008431,,,5.14847263110625,5.893007429035423,2667.7269482857064,836.5238473807709,41.55149449460403,5.670346280337429,,,,
2026-01-07 21:45:00,SYS-1,OU-1,OU,cool,False,0,,,,1.4854580391620398,,,72.18724659263566,7.93645552416437,47.178331180786046,,,5.183339245489746,5.213184433779746,2665.1207613259157,875.6044708237297,43.22468522866913,5.166084019051711,,,,
2026-01-07 22:00:00,SYS-1,OU-1,OU,cool,False,0,,,,1.9091338110972158,,,74.18837641694215,7.563248592518271,47.224674068856736,,,5.45812158715305,5.148484437316336,2692.023581827812,841.4813765079541,49.83322159472921,5.9083884219359755,,,,
2026-01-07 22:15:00,SYS-1,OU-1,OU,cool,False,0,,,,2.3596007930026732,,,75.07882134055583,7.0330956597945455,47.76016606942949,,,5.742723579843117,5.244427798670407,2670.1443995279797,861.4569311975341,45.9207242206502,5.670199190209539,,,,
2026-01-07 22:30:00,SYS-1,OU-1,OU,cool,False,0,,,,3.4098043979606567,,,73.81645277005646,6.8090548883936375,52.11495435369184,,,5.804185871606361,5.666604267357802,2727.031926677675,873.5681015858307,52.16403458199562,6.472120696350513,,,,
2026-01-07 22:45:00,SYS-1,OU-1,OU,cool,False,0,,,,3.4796697929609204,,,75.6292985406948,8.788292934329888,56.92385538727866,,,5.66818486516961,5.538291815104051,2808.9259621445644,887.528487687397,48.07847267989282,5.435286063835516,,,,
2026-01-07 23:00:00,SYS-1,OU-1,OU,cool,False,0,,,,3.67664589002167,,,78.44572631234895,7.481905191151333,50.421056916160865,,,5.962458934321132,5.541012760061422,2782.587135926298,885.5342613732628,48.68096981557582,5.7795687430281255,,,,
2026-01-07 23:15:00,SYS-1,OU-1,OU,cool,False,0,,,,3.4913152318912863,,,76.93435837018914,7.345252627656529,54.95218842645132,,,5.7547077912732245,6.220800083354234,2727.711662401316,890.1952917512109,47.78094479283311,6.009196127420402,,,,
2026-01-07 23:30:00,SYS-1,OU-1,OU,cool,False,0,,,,3.387661614675814,,,75.97632132644972,7.850922524794613,54.19695216114423,,,6.305206791395232,5.515105643228092,2747.694529086141,878.1355835959645,64.18165634214564,7.782750049779108,,,,
2026-01-07 23:45:00,SYS-1,OU-1,OU,cool,False,0,,,,5.177299183660318,,,77.37699404954012,8.048545177439102,52.1419235751946,,,5.891252703270878,5.484637734492848,2774.7775398832973,875.4271784521817,57.083885640722414,6.886652489937221,,,,
2026-01-08 00:00:00,SYS-1,OU-1,OU,cool,False,0,,,,5.579868280532523,,,76.59308695081175,9.12825416518698,54.44660089994602,,,0.0,18.3172420397274,2830.132483832018,900.9222100239482,60.9757334717937,7.783293317197864,,,,
2026-01-08 00:15:00,SYS-1,OU-1,OU,cool,False,0,,,,5.307993735906853,,,78.93892935988325,8.181037633703285,55.18819794095986,,,1.133257720626153,18.37954364616298,2788.436015570953,894.579328679768,61.51088019483037,7.177973795487751,,,,
2026-01-08 00:30:00,SYS-1,OU-1,OU,cool,False,0,,,,6.108287458282411,,,80.36788324693141,10.071038435905951,54.92385813895319,,,0.7389297235401999,18.6333803025449,2805.398295875584,890.8253109565652,63.903001833530304,7.693183988555926,,,,
2026-01-08 00:45:00,SYS-1,OU-1,OU,cool,False,0,,,,6.639407764428006,,,78.30380613400062,7.879653958047009,60.81211696758638,,,0.32420410499799956,17.863755579147735,2865.5605474086724,896.618028688761,65.07600396790068,7.65310287657156,,,,
2026-01-08 01:00:00,SYS-1,OU-1,OU,cool,False,0,,,,7.051624942214109,,,79.74963660789967,9.331697308842635,53.77594931171089,,,0.8089390847606666,18.820785151282696,2877.7033861347586,913.3535964956048,74.1033442843738,9.339493782847727,,,,
2026-01-08 01:15:00,SYS-1,OU-1,OU,cool,False,0,,,,7.48146687576684,,,82.27745993400585,8.162856974591232,58.97646754940575,,,0.6286257673506253,18.674967727852533,2853.0734532489487,897.9264743216427,63.8802802687504,7.080075512467088,,,,
2026-01-08 01:30:00,SYS-1,OU-1,OU,cool,False,0,,,,7.022730003793859,,,80.29873889513169,10.60173106239444,59.489883284918335,,,1.9141089018673885,19.279055322763206,2843.0037840418345,910.4026440465416,63.33723738473454,7.399425977523017,,,,
2026-01-08 01:45:00,SYS-1,OU-1,OU,cool,False,0,,,,8.56271593091284,,,81.82646327626738,9.062413719542464,58.26365450575987,,,1.3625070143618387,18.16411797110785,2841.9653933459194,910.8560412814813,67.00937858153762,7.88237833997614,,,,
2026-01-08 02:00:00,SYS-1,OU-1,OU,cool,False,0,,,,7.252044165028579,,,80.43080379991784,9.45344858255007,60.29900573075077,,,0.6225155301423673,18.83729613940798,2879.030296192697,942.733891956725,67.16116396096584,8.258401562267377,,,,
2026-01-08 02:15:00,SYS-1,OU-1,OU,cool,False,0,,,,8.8504552443138,,,81.18938319829236,10.406100224100822,62.31091226758782,,,1.5518211680769474,18.722328381738986,2844.1981795357747,950.5653820843444,76.87710403541782,9.407135127082997,,,,
2026-01-08 02:30:00,SYS-1,OU-1,OU,cool,False,0,,,,8.948927821470775,,,82.08489664772355,10.830556834248737,61.39308456096655,,,1.2536461615845793,18.27723577466235,2944.2468822590417,978.8080287684401,78.50054856336904,9.838624105675905,,,,
2026-01-08 02:45:00,SYS-1,OU-1,OU,cool,False,0,,,,9.480246358715114,,,86.539246555622,9.088535976029569,62.42810879608205,,,2.2557320570101638,18.703063547135446,2912.968242025877,930.2847182195197,72.6383831969004,8.24439613092685,,,,
2026-01-08 03:00:00,SYS-1,OU-1,OU,cool,False,0,,,,10.370045671377323,,,83.04327903748758,9.844393150246418,63.45689167840973,,,1.13958153174495,19.51148583222026,2955.8601661646635,946.3745881112787,72.11592642381169,8.879053673566546,,,,
2026-01-08 03:15:00,SYS-1,OU-1,OU,cool,False,0,,,,10.40170612890105,,,83.21978043072738,9.139580804197113,58.45428609395667,,,0.7289479098899339,18.940175440067726,3006.4177081238354,973.8363554381602,77.37680857441005,9.197233069642714,,,,
2026-01-08 03:30:00,SYS-1,OU-1,OU,cool,False,0,,,,9.073013897433812,,,83.50203642961417,10.489904141974119,65.89028965385563,,,1.7163776823280203,18.900990992575327,2993.860539272233,960.2166601484644,85.39832901878644,10.04811191107692,,,,
2026-01-08 03:45:00,SYS-1,OU-1,OU,cool,False,0,,,,8.975614725654552,,,84.40335336733295,10.413310808794568,67.87130406324088,,,1.6079934786339285,19.594508575208756,2931.7598773220993,961.6125999035866,69.50846263637034,8.502886076376196,,,,
2026-01-08 04:00:00,SYS-1,OU-1,OU,cool,False,0,,,,10.686285858138909,,,85.9120984078049,10.318928993145665,65.62184414527701,,,1.6324038117171868,19.694588775143167,2999.2825503511885,994.9195778528483,83.75714217067447,9.774815185660241,,,,
2026-01-08 04:15:00,SYS-1,OU-1,OU,cool,False,0,,,,9.772228999670576,,,85.4592175877668,10.143049153477577,65.99605668078559,,,0.9888134478385204,19.740022693477616,3014.110259132031,966.6737269298042,78.11879762852287,8.751181726828449,,,,
2026-01-08 04:30:00,SYS-1,OU-1,OU,cool,False,0,,,,10.535833961879215,,,88.4777582721409,10.46291342645557,61.42230137047952,,,2.056543039245909,19.069941948883688,2962.3852109593745,956.5674395608929,87.25845689894727,10.359949281196881,,,,
2026-01-08 04:45:00,SYS-1,OU-1,OU,cool,False,0,,,,11.18541726317375,,,85.89613270606021,10.243674117500959,64.2324445579241,,,2.589733253379702,19.397191693072983,2960.787118206861,956.0003109616043,79.36155747387063,9.074055641371906,,,,
2026-01-08 05:00:00,SYS-1,OU-1,OU,cool,False,0,,,,9.809276547023059,,,87.8985128343474,11.320946952488104,63.03517063760929,,,1.1852691070714352,19.861152395332375,2989.8944083376573,982.3094809378345,83.00648234836335,9.766103135482398,,,,
2026-01-08 05:15:00,SYS-1,OU-1,OU,cool,False,0,,,,9.618723409833695,,,86.26134891726313,12.155115878973447,63.63346428335213,,,2.4396673955739967,19.208764269065316,2948.1143555951608,983.041446483348,78.4945156075225,9.530808302028031,,,,
2026-01-08 05:30:00,SYS-1,OU-1,OU,cool,False,0,,,,11.104248580445198,,,86.83993113866165,9.429755297266215,66.8485224316712,,,1.7596805493590963,19.187434823664926,3042.4110207538088,958.7400533556122,80.87709013235286,9.79885073956659,,,,
2026-01-08 05:45:00,SYS-1,OU-1,OU,cool,False,0,,,,11.013785073199598,,,83.81747147633885,10.900802756858658,63.37078805790531,,,2.936390493666803,19.828081175649658,2927.4108708568056,965.0477699931937,90.48982973314956,11.334849402671518,,,,
2026-01-08 06:00:00,SYS-1,OU-1,OU,cool,False,0,,,,10.852518157170847,,,85.80941082779123,10.665462580724718,64.73979741460954,,,2.174403168419536,20.124939477657918,2966.795777527738,988.0206895672342,88.28231474356024,10.533981345144182,,,,
2026-01-08 06:15:00,SYS-1,OU-1,OU,cool,False,0,,,,11.01027439769375,,,85.87944977496562,11.387471640516846,61.16142778962264,,,1.9216506363195638,19.03595848730511,2991.4848297274457,988.4877154469655,83.33980047236238,9.54077657951913,,,,
2026-01-08 06:30:00,SYS-1,OU-1,OU,cool,False,0,,,,10.432359803822497,,,85.56712338064428,10.212920970246461,64.59758460992695,,,2.4293199984160063,18.448139925960234,2991.476359534842,969.667257655845,81.30543205352825,9.529822789432686,,,,
2026-01-08 06:45:00,SYS-1,OU-1,OU,cool,False,0,,,,9.976615038056119,,,82.61696430243954,10.825207176655471,64.98788632380358,,,2.1815893009047347,18.891051341701775,3001.140781274925,987.7960654600382,76.9444034640335,8.957513148296137,,,,
2026-01-08 07:00:00,SYS-1,OU-1,OU,cool,False,0,,,,10.695562047206215,,,87.04834330312153,10.066103732884402,63.24967784661323,,,1.7119063490406043,19.043907760050146,3001.3286223180585,985.8518849124839,82.57351880962277,9.543474709617257,,,,
2026-01-08 07:15:00,SYS-1,OU-1,OU,cool,False,0,,,,10.098555562341,,,84.99471554143757,11.39814866326355,63.02952769607555,,,2.2044819715582484,19.365324514853,2982.977665460258,949.0081841288154,83.54964022703246,10.156566985748526,,,,
2026-01-08 07:30:00,SYS-1,OU-1,OU,cool,False,0,,,,9.557188401621056,,,84.73392927672081,10.851058301500494,68.01164109708002,,,1.6815409506288859,19.632158981775703,3018.8824960653556,969.2294063441724,82.76077088144423,9.737722804383734,,,,
2026-01-08 07:45:00,SYS-1,OU-1,OU,cool,False,0,,,,10.684645092032095,,,84.79222474070127,10.56143857214724,61.54923884351701,,,1.1299139254415893,19.286708637375167,2915.1932632174216,977.9767031894319,82.04665082641253,9.252386254163401,,,,
2026-01-08 08:00:00,SYS-1,OU-1,OU,cool,False,0,,,,10.15931324565333,,,84.58608444696385,10.894226554561596,61.55901995204362,,,2.6116749829756216,19.018902299201642,2973.200145339379,960.6858967702954,77.16339658570327,9.468684431220154,,,,
2026-01-08 08:15:00,SYS-1,OU-1,OU,cool,False,0,,,,10.232734795794961,,,85.26240452960349,10.297222193202883,61.69667517242227,,,1.6073711781570994,19.30855229285152,2944.8563901090474,934.4335909496881,80.52164476610116,9.629169401320127,,,,
2026-01-08 08:30:00,SYS-1,OU-1,OU,cool,False,0,,,,9.166543076891852,,,82.44027834498198,9.137003234492244,65.33117144814214,,,1.4464244101698007,18.805281309161025,2962.6460711125515,959.2230464013071,79.67913998914047,9.668547982202618,,,,
2026-01-08 08:45:00,SYS-1,OU-1,OU,cool,False,0,,,,9.116203569771876,,,82.61815537445634,10.732103750383551,66.72148296243326,,,1.76324853660046,19.108991574512967,2956.990756634184,971.4285819974394,83.95824333818717,10.106705663992456,,,,
2026-01-08 09:00:00,SYS-1,OU-1,OU,cool,False,0,,,,8.643214870787192,,,84.09280419334148,10.351936479925621,62.735419515357535,,,0.936807428638339,18.804032787006598,2914.066489942466,980.274626282121,85.14460334707317,10.406848821893293,,,,
2026-01-08 09:15:00,SYS-1,OU-1,OU,cool,False,0,,,,8.42408977036559,,,83.4931407377811,9.85477376406431,60.158822119119684,,,0.9475872633705364,20.06115599743809,2912.640693123949,919.8859252891957,75.93568926983058,9.12368833648433,,,,
2026-01-08 09:30:00,SYS-1,OU-1,OU,cool,False,0,,,,8.76981332470196,,,82.30510921870666,10.614224231533004,60.23214956780691,,,1.2132834634855731,19.239856919549666,2945.5298874992995,987.9007345041616,72.15381192051444,9.029318175505196,,,,
2026-01-08 09:45:00,SYS-1,OU-1,OU,cool,False,0,,,,7.863636628316647,,,81.58369325569535,10.641507138892315,62.685326965163576,,,1.1254666269082572,18.499349579595016,2921.5857346634502,927.5385736761292,73.6293273064422,8.963014113766231,,,,
2026-01-08 10:00:00,SYS-1,OU-1,OU,cool,False,0,,,,8.213639773292165,,,80.7483629452451,8.626173892702784,58.17786424217433,,,1.2787557089944528,18.351226316242432,2879.5925469019257,954.354563062017,70.06951489898225,8.525962074894391,,,,
2026-01-08 10:15:00,SYS-1,OU-1,OU,cool,False,0,,,,7.857585696564935,,,81.45077677590851,8.702005213068842,62.32878015663456,,,1.612456120578913,18.488161750084835,2949.6544668240585,953.896066275536,68.08748199249003,8.29345791440357,,,,
2026-01-08 10:30:00,SYS-1,OU-1,OU,cool,False,0,,,,8.511197186318606,,,82.8325661687079,10.385878373709552,61.65999069208302,,,0.884414359293622,17.916075100948007,2945.8120159278706,945.3599340912143,69.3324852014387,7.882906901402027,,,,
2026-01-08 10:45:00,SYS-1,OU-1,OU,cool,False,0,,,,6.092963364298887,,,78.98443959535672,10.099399889182537,58.35481068331225,,,1.1792785870546894,18.18996141340341,2820.414018691822,927.9594344176586,63.862768907969794,7.6141415434152595,,,,
2026-01-08 11:00:00,SYS-1,OU-1,OU,cool,False,0,,,,7.085655697316153,,,82.35552943079541,8.185742632438686,58.880450389643826,,,1.128846568015188,18.092937720820316,2860.8176578295142,903.2842586678829,68.8949031321831,8.189593428997123,,,,
2026-01-08 11:15:00,SYS-1,OU-1,OU,cool,False,0,,,,6.116849154963728,,,80.82669477419968,7.640702924259068,58.45039511582422,,,0.3590053303850427,18.646205758746376,2914.287897472198,925.0056075810814,64.46159585366694,7.797655518788177,,,,
2026-01-08 11:30:00,SYS-1,OU-1,OU,cool,False,0,,,,5.774739315241719,,,78.36476393179551,7.881524533671375,59.41368215451967,,,0.7871715774952,18.025149161855214,2849.622197319557,899.7135977259716,64.26318803294113,7.303974314664048,,,,
2026-01-08 11:45:00,SYS-1,OU-1,OU,cool,False,0,,,,4.522500482236898,,,79.69783734703579,7.797716262236342,53.55112779496161,,,0.22103774211603078,17.781886381408594,2819.712430133405,867.3918261868522,60.90331808687091,7.798632603492382,,,,
2026-01-08 12:00:00,SYS-1,OU-1,OU,cool,False,0,,,,4.723883712365222,,,75.80114487470688,6.732747334490631,57.36240930103208,,,0.9255594978191173,17.46381366465392,2793.7582949992175,942.4334795057443,57.090982210990404,6.882234464565807,,,,
2026-01-08 12:15:00,SYS-1,OU-1,OU,cool,False,0,,,,5.053499582685516,,,74.879412548417,7.8287244145089785,53.59551270442127,,,0.5839312573837825,17.431239886482896,2770.68354557767,905.3892799909986,54.57308353025102,6.18537476143492,,,,
2026-01-08 12:30:00,SYS-1,OU-1,OU,cool,False,0,,,,4.167355823469307,,,75.02111707801282,6.58427829554663,52.159216110648416,,,0.31081235741442104,17.777668291671272,2767.5193204773973,916.829061549694,55.787741177200544,6.181862852190414,,,,
2026-01-08 12:45:00,SYS-1,OU-1,OU,cool,False,0,,,,3.878090690149987,,,75.82465772589968,6.446417313918395,53.254441643561826,,,0.0,17.62131287571922,2744.4600532245304,870.718432126293,52.92770059988553,6.266937883870064,,,,
2026-01-08 13:00:00,SYS-1,OU-1,OU,cool,False,0,,,,3.272655721024556,,,75.44133268575531,7.956428002505324,51.98312097580137,,,0.1581674364603467,18.065472083418882,2770.583441736237,901.3070187429769,54.4651292052753,6.508912880755097,,,,
2026-01-08 13:15:00,SYS-1,OU-1,OU,cool,False,0,,,,3.7641050563728062,,,74.6557706518607,6.489130183705908,49.81061939021074,,,0.0,17.266188557797072,2723.7674973586245,898.1328801479821,51.94628655463042,6.018066760763333,,,,
2026-01-08 13:30:00,SYS-1,OU-1,OU,cool,False,0,,,,2.6910158655833754,,,75.08766657692644,6.794772757213178,47.97850482007904,,,0.20835990763327228,17.849648566068762,2710.2287681666808,892.7035682783105,44.98368719918189,5.425676612279004,,,,
2026-01-08 13:45:00,SYS-1,OU-1,OU,cool,False,0,,,,1.0260184551967542,,,71.25895961666997,7.176411013883554,48.69292330200622,,,0.0,17.439417489544862,2675.4774413513273,864.2988097842976,49.21126794223837,5.712999422896736,,,,
2026-01-08 14:00:00,SYS-1,OU-1,OU,cool,False,0,,,,1.5847564697153118,,,74.74302410952733,7.150579257672982,52.904714451325525,,,0.0,17.24814572511252,2698.5123037685908,841.9630693438611,42.128558331437,5.220924475284329,,,,
2026-01-08 14:15:00,SYS-1,OU-1,OU,cool,False,0,,,,0.4853006376342537,,,71.42648726750471,6.063673197906992,53.36943667669828,,,0.03685180947506517,16.363322945794472,2662.06230319291,852.8946892554775,43.644833672432874,5.02001749517528,,,,
2026-01-08 14:30:00,SYS-1,OU-1,OU,cool,False,0,,,,-0.6034316233502441,,,72.13863266009227,6.20900969589752,50.21261860196103,,,0.0,16.57083458249007,2672.825209136383,818.2575489728033,43.603549837910606,5.220875913017794,,,,
2026-01-08 14:45:00,SYS-1,OU-1,OU,cool,False,0,,,,0.7258558995361926,,,72.10595777975995,5.361637763183988,50.7783927788225,,,0.0,17.307552819553592,2699.3853035616316,821.7221489509413,35.215261510853004,4.519483133311002,,,,
2026-01-08 15:00:00,SYS-1,OU-1,OU,cool,False,0,,,,1.5574952229423484,,,70.60882979539389,7.2765834136075735,46.89526625695371,,,0.0,17.49846777315818,2669.556390352024,844.8105392223302,42.68836026177624,5.894103896286237,,,,
2026-01-08 15:15:00,SYS-1,OU-1,OU,cool,False,0,,,,0.5172330988044959,,,69.9287820372118,6.26444043177359,47.32729857504669,,,0.0,16.95481981085093,2664.7737973477674,824.9818384151591,41.80793821188293,4.714659627636769,,,,
2026-01-08 15:30:00,SYS-1,OU-1,OU,cool,False,0,,,,-0.46364746619040176,,,70.14405077984865,4.737348155185468,47.63199606164763,,,0.0,17.114980915518416,2652.012058934487,834.0650299448798,39.534069719020415,4.60473603525632,,,,
2026-01-08 15:45:00,SYS-1,OU-1,OU,cool,False,0,,,,-0.5532375947367237,,,71.33035763836787,5.508837538177439,44.52272470716285,,,0.0,16.589706724777947,2635.481349445236,831.8474347447759,37.51599060255,4.249968162966019,,,,
2026-01-08 16:00:00,SYS-1,OU-1,OU,cool,False,0,,,,0.4822155154433785,,,71.95677003831365,5.972765138534252,44.35985762843493,,,0.0,16.55242152334693,2622.9750723229636,859.6788734250209,36.85495026495649,4.657892528325561,,,,
2026-01-08 16:15:00,SYS-1,OU-1,OU,cool,False,0,,,,-0.28666047515705156,,,71.67137083429442,5.692910548656924,46.2256271980835,,,0.0,16.389505838196044,2611.391265216412,847.7145792236491,33.67202358723856,3.6962130387533585,,,,
2026-01-08 16:30:00,SYS-1,OU-1,OU,cool,False,0,,,,-0.5144776501304841,,,69.11722718250397,6.691697496898458,45.120596821071636,,,0.0,17.0040602091434,2637.997603762735,825.4165486366547,35.824210208302596,4.153598111318385,,,,
2026-01-08 16:45:00,SYS-1,OU-1,OU,cool,False,0,,,,-0.7136578502734637,,,69.23719324172123,6.257064902061416,43.40358514597051,,,0.0,16.716723759786753,2578.0867798223317,842.3790826529317,34.11629954856293,4.085075560856299,,,,
2026-01-08 17:00:00,SYS-1,OU-1,OU,cool,False,0,,,,-0.7725148008012013,,,68.89168864271257,4.670777354871577,46.11380599565521,,,0.0,16.457443533993374,2647.036512328953,811.0302367265193,36.21859591352289,4.052627947778823,,,,
2026-01-08 17:15:00,SYS-1,OU-1,OU,cool,False,0,,,,-0.4014682942531018,,,70.82843622491887,4.9862997584204996,44.665588595015045,,,0.0,16.397465573506164,2604.8652857998986,816.4837222063185,30.663823631739817,3.3924613231160237,,,,
2026-01-08 17:30:00,SYS-1,OU-1,OU,cool,False,0,,,,-0.6171287898292177,,,67.01231083823168,4.00043230149762,47.128259287981,,,0.0,16.73543494251069,2579.2500160079167,834.3377757418561,36.156238101699316,4.196061705767359,,,,
2026-01-08 17:45:00,SYS-1,OU-1,OU,cool,False,0,,,,-0.8577307194169237,,,71.87463750496453,5.205985616595745,45.011048563978335,,,0.0,16.632457832919087,2585.753832981079,801.5463774773467,35.62640249294559,3.6450362270522625,,,,
2026-01-08 18:00:00,SYS-1,OU-1,OU,cool,False,0,,,,-1.6257210145540064,,,69.2727926870655,5.1208168476370695,44.39938708176081,,,0.0,16.16718321387637,2579.6902879643567,815.8152890754966,34.4337486712851,3.698406375432212,,,,
2026-01-08 18:15:00,SYS-1,OU-1,OU,cool,False,0,,,,-0.6804882804857842,,,68.8418413183906,7.169209520379422,45.276757136975796,,,0.0,17.18960596612142,2605.2344103231208,800.358598239591,33.29670762668975,3.871694688864818,,,,
2026-01-08 18:30:00,SYS-1,OU-1,OU,cool,False,0,,,,-1.3592174150383602,,,70.57762180287085,5.103725499246259,44.74158447826411,,,0.0,16.61564427606673,2580.1757363905886,822.4464972075148,37.42323803553518,4.535257755166821,,,,
2026-01-08 18:45:00,SYS-1,OU-1,OU,cool,False,0,,,,-0.22840427687909448,,,71.70264633943368,3.383042254269437,43.85605510058488,,,0.0,16.533013721104712,2638.106879882866,846.0249139015831,28.821961162743786,3.402907343743176,,,,
2026-01-08 19:00:00,SYS-1,OU-1,OU,cool,False,0,,,,-1.5581854507688875,,,70.78646827501484,4.564553331769148,44.536829565611896,,,0.0,17.14202553015143,2583.3656649637587,811.4444805603599,37.69366769535377,3.991049514990634,,,,
2026-01-08 19:15:00,SYS-1,OU-1,OU,cool,False,0,,,,-0.7641533627359923,,,72.00367565001707,5.249088980734739,47.029536789023865,,,0.0,16.989211604804193,2542.4383161885535,827.6337820790989,37.298896627383826,4.33673170775806,,,,
2026-01-08 19:30:00,SYS-1,OU-1,OU,cool,False,0,,,,-0.5476921668424835,,,70.81050196489036,4.223549168391897,47.05423810848507,,,0.0,16.578993957801217,2593.294138715966,812.6298088745496,38.03651685735629,4.803913315034608,,,,
2026-01-08 19:45:00,SYS-1,OU-1,OU,cool,False,0,,,,-1.176023779582616,,,72.66947597630008,4.615615628160679,48.603728203401296,,,0.0,16.86908496017906,2560.3698164944726,811.006946528779,39.111431831413476,4.860131473367013,,,,
2026-01-08 20:00:00,SYS-1,OU-1,OU,cool,False,0,,,,0.837030563607257,,,72.93953682765255,5.1094151420642016,42.953758075596234,,,0.0,16.27297056372696,2625.5988537259327,812.1802248921188,35.73478727901764,4.264550115023766,,,,
2026-01-08 20:15:00,SYS-1,OU-1,OU,cool,False,0,,,,0.8874263865404566,,,71.19902491758154,5.779040470664852,45.89912251912792,,,0.0,16.496458412225493,2665.48081689063,855.3037122369404,38.17541945923061,4.314839372578213,,,,
2026-01-08 20:30:00,SYS-1,OU-1,OU,cool,False,0,,,,-0.03827029871285598,,,73.81198210956055,5.48766637015647,46.23731590698921,,,0.0,15.905837410782954,2660.762125949723,871.9682648359651,42.71439981758454,5.315092889395807,,,,
2026-01-08 20:45:00,SYS-1,OU-1,OU,cool,False,0,,,,0.9519938544648487,,,72.23238209213842,5.033094587605518,47.825146949825815,,,0.0,17.36038709830779,2609.5043533557873,847.0984709812655,42.926561789358004,4.977508720359976,,,,
2026-01-08 21:00:00,SYS-1,OU-1,OU,cool,False,0,,,,0.9845649546828352,,,72.47348558096066,6.508824644036453,47.02461767233477,,,0.0,16.17997524548605,2635.7109853156503,832.687062968016,43.14918153210688,4.82712726311062,,,,
2026-01-08 21:15:00,SYS-1,OU-1,OU,cool,False,0,,,,-0.5242105686075653,,,71.34302297352836,5.590252595080162,47.38017583367523,,,0.0,17.283491370928616,2721.4898430469866,857.8257093071422,37.45907364201978,4.2544329664938365,,,,
2026-01-08 21:30:00,SYS-1,OU-1,OU,cool,False,0,,,,1.4976702357142264,,,72.69673855924944,5.77426863824442,50.47833555682638,,,0.26325793773384376,16.754587100376384,2687.803056460286,846.2842327841568,46.9325127343148,6.066405115650021,,,,
2026-01-08 21:45:00,SYS-1,OU-1,OU,cool,False,0,,,,1.6297721539824264,,,74.72181225460854,5.229568027380159,49.80047270047615,,,0.0,16.775056063343563,2689.009514175101,867.5753565714923,50.788628142482324,6.160689388558387,,,,
2026-01-08 22:00:00,SYS-1,OU-1,OU,cool,False,0,,,,2.0499304120847173,,,72.03102963539538,5.87118740675051,47.667271955040746,,,0.12504659926775918,17.1719876498451,2731.6818768358066,864.3649045729916,51.53868597217143,6.532416432574882,,,,
2026-01-08 22:15:00,SYS-1,OU-1,OU,cool,False,0,,,,1.7001429067896772,,,75.43612649223589,7.194551206051115,53.2461257401202,,,0.0,17.443131836572118,2785.1244957191043,868.8124670453061,49.87829493960135,5.841594498759352,,,,
2026-01-08 22:30:00,SYS-1,OU-1,OU,cool,False,0,,,,2.542291178077202,,,75.46145646798345,5.55782557607772,53.1666697769663,,,0.0,17.670817443132485,2762.3605118543737,878.4944663014219,44.202199776455906,5.585708774930252,,,,
2026-01-08 22:45:00,SYS-1,OU-1,OU,cool,False,0,,,,2.9644079501516476,,,75.84482640194987,6.978742648383545,50.6376860532976,,,0.4405448637770535,18.22649347604302,2739.8945645824847,865.5924382210897,55.734192624333026,6.5076519018345405,,,,
2026-01-08 23:00:00,SYS-1,OU-1,OU,cool,False,0,,,,4.159942259712274,,,72.61970934604389,7.797722883312346,54.07437037981349,,,0.26822096389247374,17.755217055454878,2758.876836259041,873.2289590451055,52.94050532555794,6.305632428357104,,,,
2026-01-08 23:15:00,SYS-1,OU-1,OU,cool,False,0,,,,4.030114304137839,,,76.28441304441908,7.113042148249011,51.57877029993262,,,0.0,18.059842662200904,2779.4943293297206,858.5740903879005,44.99266335732893,6.14502468086618,,,,
2026-01-08 23:30:00,SYS-1,OU-1,OU,cool,False,0,,,,4.213509828558084,,,77.92818047377601,7.800253838063812,55.94613489872699,,,0.44874246348900204,17.564815107731476,2755.513806660686,882.9298630005939,58.24567480692749,7.219625566521184,,,,
2026-01-08 23:45:00,SYS-1,OU-1,OU,cool,False,0,,,,5.52496322336571,,,76.33234253078159,6.910355403203233,53.91030622752227,,,0.328730729810661,18.187383831177215,2755.1577899724484,873.432759310616,52.3962346369283,6.137197043833088,,,,
